01_prenom,,,
EMMA,,,
OLIVIA,,,
ALICE,,,
FLORENCE,,,
CHARLIE,,,
LIVIA,,,
CHARLOTTE,,,
LEA,,,
ROMY,,,
ZOE,,,
CLARA,,,
JULIETTE,,,
ROSALIE,,,
BEATRICE,,,
ROSE,,,
CHLOE,,,
EVA,,,
SOFIA,,,
MIA,,,
MILA,,,
VICTORIA,,,
JADE,,,
JULIA,,,
LEONIE,,,
MAEVA,,,
RAPHAELLE,,,
JEANNE,,,
CAMILLE,,,
AMELIA,,,
FLAVIE,,,
OPHELIE,,,
ELIZABETH,,,
ELENA,,,
ADELE,,,
ELEONORE,,,
SOPHIA,,,
JASMINE,,,
LAURENCE,,,
LEXIE,,,
ALICIA,,,
LILY,,,
OCEANE,,,
ELLIE,,,
SARAH,,,
ANNA,,,
FLORA,,,
SIMONE,,,
NOELIE,,,
SOPHIE,,,
MAELIE,,,
BILLIE,,,
ELODIE,,,
AURELIE,,,
DELPHINE,,,
MARGOT,,,
LENA,,,
AGATHE,,,
ESTELLE,,,
LAURA,,,
LUNA,,,
ELISABETH,,,
ELIANE,,,
EVELYNE,,,
MAYA,,,
ANNABELLE,,,
ARIELLE,,,
ELOISE,,,
MATHILDE,,,
ROMANE,,,
STELLA,,,
CLEMENCE,,,
LYVIA,,,
ABIGAELLE,,,
GABRIELLE,,,
JUSTINE,,,
MELODIE,,,
LILY-ROSE,,,
MARGUERITE,,,
ABBY,,,
ANAIS,,,
ELLA,,,
LEANNE,,,
NOEMIE,,,
OPHELIA,,,
CORALIE,,,
EVE,,,
NORA,,,
IVY,,,
LIANA,,,
LAURIE,,,
LINA,,,
LOU,,,
ZOEY,,,
LARA,,,
MADISON,,,
ALYSSA,,,
CELESTE,,,
MAGALIE,,,
YASMINE,,,
LUCIE,,,
ELIANA,,,
LAYLA,,,
ALEXIE,,,
BLANCHE,,,
KAYLA,,,
VIOLETTE,,,
CLAIRE,,,
AYA,,,
CAMILA,,,
NORAH,,,
EMILY,,,
MADYSON,,,
MAELY,,,
MEGANE,,,
EMY,,,
MARIA,,,
ABIGAIL,,,
RILEY,,,
EMILIA,,,
LEILA,,,
MYA,,,
ADELIE,,,
ALEXIA,,,
ISABELLA,,,
MADELEINE,,,
SARA,,,
ARIA,,,
NAOMI,,,
PENELOPE,,,
ADALINE,,,
AXELLE,,,
EMMA-ROSE,,,
LEANA,,,
LEANE,,,
LOUISE,,,
LYANA,,,
LYDIA,,,
RACHEL,,,
ARIEL,,,
LEA-ROSE,,,
RUBY,,,
ABYGAELLE,,,
JULIANNE,,,
LAURALIE,,,
MAIKA,,,
MEGAN,,,
NOVALIE,,,
ROSIE,,,
ARIANE,,,
DAHLIA,,,
DAPHNE,,,
DAPHNEE,,,
ALYSON,,,
ARYA,,,
LILIANE,,,
EVA-ROSE,,,
HAILEY,,,
MELODY,,,
AMAYA,,,
AVA,,,
FLORALIE,,,
MARIANNE,,,
ATHENA,,,
MAXIME,,,
ALYCIA,,,
AMELIE,,,
CONSTANCE,,,
ELISE,,,
EMILIE,,,
FREDERIQUE,,,
HANNAH,,,
INES,,,
ROMIE,,,
ANAELLE,,,
LOUNA,,,
AYLA,,,
IRIS,,,
TALIA,,,
ASHLEY,,,
EVELYN,,,
JOSEPHINE,,,
MARILOU,,,
ZOELIE,,,
ANASTASIA,,,
ELIE,,,
GABRIELLA,,,
MADELINE,,,
MAELLE,,,
OCEANNE,,,
RAFAELLE,,,
REBECCA,,,
SAMUELLE,,,
ABIGAEL,,,
GISELE,,,
LEAH,,,
LOUANE,,,
MORGANE,,,
ELIA,,,
ESTHER,,,
MAEVE,,,
DALIA,,,
ISABELLE,,,
KELLY,,,
LEIA,,,
MACKENZIE,,,
MARINE,,,
MARION,,,
MAXIM,,,
OLLIE,,,
SAM,,,
SAVANNAH,,,
TESSA,,,
AMELYA,,,
EVERLY,,,
FELICIA,,,
KYLIE,,,
LANA,,,
LILIA,,,
LOUANA,,,
NAOMIE,,,
THEA,,,
ADRIANA,,,
ARIANA,,,
CHARLIE-ROSE,,,
ESMEE,,,
SELENA,,,
SIENNA,,,
ALIE,,,
HOPE,,,
KENZA,,,
KIARA,,,
LILYA,,,
LIV,,,
MAHEE,,,
ZARA,,,
ADELINE,,,
HELENA,,,
LEYLA,,,
NELYA,,,
NOVA,,,
VALENTINA,,,
ABYGAEL,,,
ANNE,,,
CAMELIA,,,
ELEANOR,,,
KATE,,,
WILLOW,,,
ADELIA,,,
ALEXANDRA,,,
EMMY,,,
LUCY,,,
LYANNA,,,
MARYAM,,,
NELLIE,,,
VIVIANE,,,
ALESSIA,,,
ALYA,,,
AMY,,,
BRIANNA,,,
JANA,,,
MAUDE,,,
NINA,,,
ELEA,,,
KAYLEE,,,
MELINA,,,
ROSELINE,,,
CECILIA,,,
ISLA,,,
LILIANNE,,,
MYLA,,,
AALIYAH,,,
ALINA,,,
EMMANUELLE,,,
JUNE,,,
LIA,,,
LILI,,,
OLIE,,,
AMANDA,,,
AUDREY,,,
CELIA,,,
FLORE,,,
LESLIE,,,
MARIAM,,,
NELLY,,,
SABRINA,,,
SKYLA,,,
AISHA,,,
ANAEVE,,,
CELINE,,,
CLEMENTINE,,,
ELORA,,,
FELIXE,,,
HAZEL,,,
INAYA,,,
JORDANE,,,
LAURALY,,,
LYA,,,
MALAK,,,
MELIA,,,
MYRIAM,,,
NOELY,,,
SCARLETT,,,
ABBIE,,,
ADELAIDE,,,
ALEXANNE,,,
DINA,,,
EMERAUDE,,,
EVIE,,,
MADDIE,,,
MADDY,,,
MILANA,,,
NOUR,,,
AICHA,,,
ALEXA,,,
ALEXE,,,
ALLIE,,,
BEA,,,
DIANA,,,
ELINA,,,
ELINE,,,
ELISA,,,
ELSA,,,
ELYANA,,,
EUGENIE,,,
FATIMA,,,
FREYA,,,
JESSIE,,,
MALIA,,,
MARGAUX,,,
OCTAVIA,,,
SERENA,,,
SHELBY,,,
THALIA,,,
ALIYA,,,
ALYSSIA,,,
AMALIA,,,
AURELIA,,,
ELEANORE,,,
ELSIE,,,
KIRA,,,
LEXY,,,
MAIA,,,
OLIVE,,,
RANIA,,,
SASHA,,,
SKYE,,,
ALIX,,,
ALIYAH,,,
ALLYSON,,,
AMINATA,,,
AMIRA,,,
ANDREA,,,
AVERY,,,
CLEO,,,
EDEN,,,
EVALIE,,,
GRACE,,,
HANA,,,
JUDITH,,,
JULIANA,,,
KHADIJA,,,
KYRA,,,
LILA,,,
LYNA,,,
MARIE,,,
ALIA,,,
ALIZEE,,,
ALLISON,,,
ANIA,,,
ANNA-ROSE,,,
BIANCA,,,
MADDISON,,,
MAE,,,
MAGGIE,,,
MALIKA,,,
NADINE,,,
ROSALY,,,
YARA,,,
ALLY,,,
ANABELLE,,,
ANGELINA,,,
ANNIE,,,
BLAKE,,,
ELYANE,,,
EMY-ROSE,,,
EVALY,,,
GAELLE,,,
JAMIE,,,
LEXA,,,
LILOU,,,
LIVIA-ROSE,,,
LOLA,,,
LOUANNE,,,
MELISSA,,,
MEREDITH,,,
PHOEBE,,,
STACY,,,
VIOLET,,,
ALINE,,,
ALY,,,
ALYSSON,,,
ANAE,,,
ASTRID,,,
BELLA,,,
BILLIE-ROSE,,,
BROOKLYN,,,
CHARLY,,,
CLOE,,,
DANA,,,
DANAE,,,
ELIANNE,,,
EVY,,,
HAYLEE,,,
HAYLIE,,,
KELLY-ANN,,,
KHLOE,,,
LAURIANNE,,,
LEA-KIM,,,
LILIANA,,,
LORIE,,,
LYLA,,,
LYNE,,,
MOLLY,,,
PEYTON,,,
TIFFANY,,,
ZAHRA,,,
ABY,,,
ALAIA,,,
AMBRE,,,
AMINA,,,
ANGELA,,,
ANNE-SOPHIE,,,
ANYA,,,
BRIANA,,,
CATALINA,,,
CATHERINE,,,
CHELSEA,,,
DAISY,,,
EMA,,,
GABRIELA,,,
GEMMA,,,
JOUDIA,,,
JOYCE,,,
KORALIE,,,
LAURE,,,
LEYNA,,,
LISA,,,
LOU-ANN,,,
MALYA,,,
MIRIAM,,,
NAYLA,,,
NELIA,,,
SIENA,,,
SIRINE,,,
ADELINA,,,
AGNES,,,
ALISON,,,
ANA,,,
ANTONELLA,,,
APRIL,,,
AUDE,,,
AURORA,,,
AZELIE,,,
CASSANDRA,,,
DANIA,,,
DANIELA,,,
ELIANNA,,,
ELIE-ROSE,,,
ELODY,,,
ELYA,,,
ELY-ROSE,,,
EMY-JADE,,,
ERIKA,,,
ESME,,,
FAIGY,,,
GIANNA,,,
HARPER,,,
HEIDI,,,
JOURY,,,
LEA-JADE,,,
LENNA,,,
LETICIA,,,
LUCIA,,,
MAELYA,,,
MAINA,,,
MIKAELA,,,
NAELLE,,,
NAYA,,,
NORALIE,,,
ROSEMARIE,,,
ROSE-MARIE,,,
SADIE,,,
SALMA,,,
SUMMER,,,
YITTY,,,
ADA,,,
AIDA,,,
AIMEE,,,
ALYCE,,,
ANAYA,,,
ANNAELLE,,,
ARIELLA,,,
AYANA,,,
BRIELLE,,,
CASSANDRE,,,
CASSIOPEE,,,
CATALEYA,,,
CHIARA,,,
DALIE,,,
DOROTHEE,,,
ELLY,,,
ELYSSA,,,
GAIA,,,
GIA,,,
GIULIA,,,
GLORIA,,,
HALEY,,,
HELOISE,,,
ILYANA,,,
JENNA,,,
KARA,,,
KIMBERLY,,,
KLOE,,,
KYARA,,,
LEANIE,,,
LEANNA,,,
LILLY,,,
MALORY,,,
MAXENCE,,,
MAYAR,,,
MILA-ROSE,,,
MILEY,,,
MORGAN,,,
NOA,,,
NOOR,,,
NOVALY,,,
ODILE,,,
OLIVIA-ROSE,,,
RYLEE,,,
SANDRINE,,,
SKYLAR,,,
SORAYA,,,
THALIE,,,
TIANA,,,
VERA,,,
VIVIANNE,,,
WENDY,,,
ABBYGAELLE,,,
ALEXIS,,,
ANGELIQUE,,,
ARIANNA,,,
ARIANNE,,,
AYAH,,,
AZALIE,,,
BROOKE,,,
CAMILLA,,,
DALI,,,
EDITH,,,
ELIZA,,,
EVAELLE,,,
FIONA,,,
FLORIANE,,,
JANE,,,
JENNY,,,
JULIE,,,
KASSANDRA,,,
KLARA,,,
LAILA,,,
LEXI,,,
LILI-ROSE,,,
LILY-ANNE,,,
LIVIE,,,
LUCIANA,,,
LYRA,,,
MAISIE,,,
MATHILDA,,,
MIRA,,,
MYLAH,,,
NADA,,,
NADIA,,,
NAIMA,,,
NYLA,,,
RAIZY,,,
RYM,,,
SALOME,,,
SAMANTHA,,,
TALYA,,,
ABBY-GAELLE,,,
ADDISON,,,
ALANA,,,
ALEXANE,,,
ALISSA,,,
ALMA,,,
ALYS,,,
ANNA-EVE,,,
ANOUK,,,
BEATRIZ,,,
BRITTANY,,,
CALLIE,,,
CELESTINE,,,
CHARLINE,,,
CHRISTINA,,,
DEBORAH,,,
ELY,,,
ELYSE,,,
EVELY,,,
FARAH,,,
FATIMA ZAHRA,,,
FRANCOISE,,,
HANNA,,,
HEIDY,,,
IRENE,,,
JACQUELINE,,,
JOANNA,,,
KAIA,,,
KATALEYA,,,
KATIA,,,
KEIRA,,,
KELLYANNE,,,
KENZIE,,,
KIANA,,,
KIM,,,
LAETICIA,,,
LAURA-LEE,,,
LEXIA,,,
LILY ROSE,,,
LOUISA,,,
LYLIA,,,
MADELYN,,,
MAGALY,,,
MAITE,,,
MALAIKA,,,
MARIANA,,,
MARIANNA,,,
MAYSSA,,,
MIA-ROSE,,,
MIRANDA,,,
MYRA,,,
NAILA,,,
PESSY,,,
QUINN,,,
RAVEN,,,
RAYA,,,
RITA,,,
RIVKY,,,
ROMI,,,
ROXANNE,,,
VIENNA,,,
YUNA,,,
ZIA,,,
ZOYA,,,
ABBYGAEL,,,
ABYGAIL,,,
ADALYNE,,,
ADRIANNA,,,
ALBA,,,
ALEENA,,,
AMALYA,,,
AMBER,,,
ANGELIE,,,
AUBE,,,
AUBREY,,,
AURELY,,,
BAILEY,,,
BAYA,,,
CASSIE,,,
CECILE,,,
CHARLIZE,,,
CLEA,,,
DALYA,,,
DANIKA,,,
DAYANA,,,
ELIE-JADE,,,
FANNY,,,
GIADA,,,
HAFSA,,,
HAILIE,,,
HANAE,,,
HELENE,,,
HIBA,,,
JOELLE,,,
KAILA,,,
KAMELIA,,,
KAMILA,,,
KORALY,,,
LAETITIA,,,
LAYAN,,,
LAYANE,,,
LAYNA,,,
LEENA,,,
LEIKA,,,
LEONA,,,
LEONY,,,
LEYA,,,
LINDSAY,,,
LORENA,,,
LUANA,,,
MADDYSON,,,
MAELIA,,,
MAISSA,,,
MAXINE,,,
MAY,,,
MICAELA,,,
MICHAELA,,,
MILLA,,,
MILLIE,,,
MINA,,,
NATALIA,,,
NICOLE,,,
NOEMY,,,
ODELIE,,,
PAYTON,,,
PHILOMENE,,,
RACHELLE,,,
ROSE-AIMEE,,,
SAFIA,,,
SAMIE,,,
SANA,,,
SAVANAH,,,
SELMA,,,
SOLENE,,,
SYDNEY,,,
TALA,,,
TATIANA,,,
VERONICA,,,
ZAYA,,,
ADALIE,,,
ALAYNA,,,
ALEXYA,,,
ALYAH,,,
ALYSS,,,
AMANDINE,,,
AMARA,,,
AMY-ROSE,,,
ARIJ,,,
ASMA,,,
BAYAN,,,
BENEDICTE,,,
CAMILIA,,,
CAPRI,,,
CASSIDY,,,
CHARLENE,,,
CHARLIE-ANNE,,,
COLETTE,,,
DELIA,,,
ELI-ROSE,,,
ELYSA,,,
ELYZABETH,,,
EMMA ROSE,,,
ENORA,,,
EVANGELINE,,,
EZRA,,,
FAITH,,,
FATOUMATA,,,
FLORIANNE,,,
HAWA,,,
HOLLY,,,
IMANI,,,
JACKIE,,,
JANNA,,,
JANNAH,,,
JAYLA,,,
JESSICA,,,
JOHANNA,,,
JOY,,,
JULIANE,,,
JULYA,,,
KATHERINE,,,
KAYLIE,,,
KELLYANN,,,
KELYA,,,
LAHNA,,,
LAURELIE,,,
LENNON,,,
LEONORE,,,
LETTY,,,
LILY-JADE,,,
LIVY,,,
LORALIE,,,
LUCILLE,,,
MAELLY,,,
MAILY,,,
MANAL,,,
MARIE-JEANNE,,,
MARY,,,
MARYLOU,,,
MAXYM,,,
MEGHAN,,,
MELYA,,,
MELYNA,,,
MICHELLE,,,
MIKAELLA,,,
MIKAYLA,,,
MILANE,,,
MILENA,,,
MIRAL,,,
MISHA,,,
NAOMY,,,
NEYLA,,,
OHANA,,,
OLIVIA ROSE,,,
OPHELYA,,,
PAULINE,,,
REEM,,,
RHEA,,,
ROSABELLE,,,
ROSALIA,,,
ROSALINE,,,
ROSELIE,,,
SAJA,,,
SARAH-JADE,,,
SARAH-JEANNE,,,
SIA,,,
SIMONA,,,
SONIA,,,
TAMARA,,,
TASNIME,,,
TINA,,,
VALERIE,,,
VANESSA,,,
VICTOIRE,,,
ZAINAB,,,
ZAYNAB,,,
ZELDA,,,
ZOELY,,,
AFNANE,,,
ALEYNA,,,
ALIXE,,,
ALIZE,,,
ALYZEE,,,
AMAIA,,,
AMANI,,,
AMAYAH,,,
ANABEL,,,
ANASTASYA,,,
ARTEMIS,,,
AUGUSTINE,,,
AVRIL,,,
AYLIN,,,
BAILA,,,
CELINA,,,
CHANA,,,
CHANY,,,
CHARLY-ROSE,,,
CHRISTINE,,,
CLARENCE,,,
CLARISSE,,,
CLAUDIE,,,
CORALY,,,
EFFIE,,,
ELISSA,,,
ELLANA,,,
ELLIA,,,
ELLIE-ROSE,,,
ELYANNA,,,
ELYNE,,,
ELYROSE,,,
EMYLIA,,,
EVA ROSE,,,
EVANA,,,
EVAROSE,,,
EYA,,,
FATOU,,,
FLEUR,,,
GHITA,,,
GIULIANA,,,
HALIMA,,,
HARLOW,,,
HARMONY,,,
HAYDEN,,,
HORTENSE,,,
IDA,,,
IMANE,,,
ISRAA,,,
JAEL,,,
JANNAT,,,
JASMYNE,,,
JAYMIE,,,
JENNIFER,,,
JOSIE,,,
JULIANNA,,,
JULIA-ROSE,,,
KALI,,,
KAMELYA,,,
KAYLANI,,,
KEYLA,,,
KYANA,,,
LAURIANE,,,
LAURY,,,
LEA-JEANNE,,,
LEEN,,,
LESLY,,,
LILAS,,,
LILY-ANN,,,
LINDA,,,
LIORA,,,
LIVYA,,,
LIYA,,,
LIYANA,,,
LIZZIE,,,
LOU-ANNA,,,
MADINA,,,
MADISSON,,,
MADYSSON,,,
MAELLA,,,
MAHELY,,,
MAKAYLA,,,
MALKY,,,
MALLORY,,,
MALORIE,,,
MALYKA,,,
MARA,,,
MARAM,,,
MARGARET,,,
MARGO,,,
MARIAMA,,,
MARIEM,,,
MARTHA,,,
MASHA,,,
MAYKA,,,
MIKA,,,
MONA,,,
MYA-ROSE,,,
NAELIE,,,
NAELLY,,,
NALA,,,
NIKKI,,,
NILA,,,
NOLA,,,
OFELIA,,,
OKSANA,,,
OXANNA,,,
PAISLEY,,,
PHOENIX,,,
RAZANE,,,
RIHANNA,,,
RIM,,,
RORY,,,
ROSA,,,
ROSELYNE,,,
RYLIE,,,
SAMARA,,,
SAMIA,,,
SAMIRA,,,
SARAH-MAUDE,,,
SIDRA,,,
SKYLIE,,,
SOLANGE,,,
SURY,,,
VALERIA,,,
VANYA,,,
VIRGINIE,,,
VIVIAN,,,
YASMINA,,,
ZELIE,,,
ZEYNA,,,
ZINEB,,,
ZOHA,,,
ZORA,,,
ABBYGAIL,,,
ABELLE,,,
ADALYNN,,,
ADELYA,,,
ADRIELLE,,,
AGLAE,,,
ALAYA,,,
ALEA,,,
ALYNA,,,
ANABELLA,,,
ANAYAH,,,
ANDIE,,,
ANDREANNE,,,
ANGELICA,,,
ANGIE,,,
ANISSA,,,
ANITA,,,
ANNABEL,,,
ANNABELLA,,,
ANNETTE,,,
ARWA,,,
ASSIA,,,
AURORE,,,
AUTUMN,,,
AVIANA,,,
AVIGAIL,,,
AYANNA,,,
AYVA,,,
AZALEE,,,
AZALIA,,,
AZRA,,,
BAYANE,,,
BERENICE,,,
BETHANY,,,
BEVERLY,,,
BLESSING,,,
BRYANA,,,
BRYANNA,,,
CALIE,,,
CARMEN,,,
CHARLEE,,,
CHARLYE,,,
CHAYA,,,
CHAYA MUSHKA,,,
CINDY,,,
CLARISSA,,,
CYRINE,,,
DANAEE,,,
DANIELLA,,,
DARIA,,,
DASSINE,,,
DAVINA,,,
DESTINY,,,
ELAYNA,,,
ELEANA,,,
ELENI,,,
ELIA-ROSE,,,
ELLE,,,
ELLIANA,,,
ELYNA,,,
EMILYA,,,
EMMA-JADE,,,
EMNA,,,
EMYROSE,,,
ENOLA,,,
ESMA,,,
EVERLEIGH,,,
FAY,,,
FLAVY,,,
FRANCESCA,,,
FREYJA,,,
HADIA,,,
HENRIETTE,,,
INAYAH,,,
IRINA,,,
ISABEL,,,
ISABELA,,,
IVANIE,,,
JAELLE,,,
JAYNE,,,
JENNAH,,,
JESSY,,,
JOLIANNE,,,
JUDE,,,
JUDY,,,
KALYA,,,
KAMILLE,,,
KARINA,,,
KATELYN,,,
KELLIA,,,
KELLYA,,,
KELSEY,,,
KELSIE,,,
KEZIAH,,,
LAIA,,,
LAUREN,,,
LAURIE-ANNE,,,
LAYA,,,
LEA-MAUDE,,,
LENNY,,,
LENORA,,,
LEXANE,,,
LEXYA,,,
LIANNA,,,
LIELLE,,,
LILIANNA,,,
LILO,,,
LILYANA,,,
LILYANNE,,,
LOGANE,,,
LORALY,,,
LORY,,,
LOUANNA,,,
LOU-ANNE,,,
MACKENZY,,,
MAELLIE,,,
MAILA,,,
MALIE,,,
MALIYAH,,,
MALKA,,,
MALY,,,
MAME DIARRA,,,
MANUELA,,,
MARIE-ANNE,,,
MARIELLA,,,
MARIELLE,,,
MARJORIE,,,
MARWA,,,
MATILDA,,,
MAYZE,,,
MEGANNE,,,
MERYEM,,,
MIKAELLE,,,
MINDY,,,
MIRHA,,,
MIRNA,,,
MIYA,,,
MOANA,,,
MOIRA,,,
NAELLA,,,
NATHALIE,,,
NAVY,,,
NOAH,,,
NOALIE,,,
NOELLY,,,
NORAH-LEE,,,
OUMOU,,,
OXANA,,,
PAIGE,,,
PATRICIA,,,
RAIZEL,,,
RANA,,,
REYA,,,
REYNA,,,
RIVER,,,
RIVKAH,,,
ROKHAYA,,,
ROSANNE,,,
ROSEMARY,,,
ROWAN,,,
ROXANE,,,
SACHA,,,
SADAF,,,
SAFA,,,
SAMA,,,
SAMMY,,,
SANDRA,,,
SANDY,,,
SHARLIE,,,
SIERRA,,,
SILA,,,
SKY,,,
SKYLAH,,,
SOFIA ROSE,,,
SOFIE,,,
STELLA-ROSE,,,
STEPHANIE,,,
SUZANNE,,,
SYLIA,,,
TALINE,,,
TASNIM,,,
THALYA,,,
THANINA,,,
TZIREL,,,
VICKY,,,
WYNTER,,,
YAEL,,,
YOUSRA,,,
YVONNE,,,
ZAIRA,,,
ZINA,,,
ZOLA,,,
ADIA,,,
ADRIENNE,,,
AGATHA,,,
AINHOA,,,
ALAA,,,
ALENA,,,
ALESSA,,,
ALEXANN,,,
ALEX-ANNE,,,
ALISSON,,,
ALIXIA,,,
ALYROSE,,,
ALYSHA,,,
AMAIRA,,,
AMAL,,,
AMEL,,,
AMIYAH,,,
ANANYA,,,
ANGEL,,,
ANGELIKA,,,
ANGELINE,,,
ANNIKA,,,
ANN-SOPHIE,,,
ANTONIA,,,
ANVIKA,,,
APOLLINE,,,
ARINA,,,
ARYANNA,,,
ARYELLE,,,
ASEEL,,,
ASMAA,,,
ASSIL,,,
AURA,,,
AWA,,,
AYAT,,,
AYLINE,,,
AZALEA,,,
AZELYA,,,
BETHANIE,,,
BEYA,,,
BIANKA,,,
BILLIE ROSE,,,
BILLIE-ANN,,,
BILLY,,,
BLOOM,,,
BRIAR,,,
BRITANNY,,,
BRITANY,,,
BRUCHY,,,
BRYNN,,,
CALI,,,
CAMERON,,,
CAMILLIA,,,
CAPUCINE,,,
CARINA,,,
CAROLINE,,,
CASEY,,,
CHANELLE,,,
CHARLAINE,,,
CHARLIE ROSE,,,
CHARLIE-ANN,,,
CHELSEY,,,
CHRISTELLE,,,
CLARYSSA,,,
CLAUDIA,,,
CORALINE,,,
CYLIA,,,
CYNTHIA,,,
DAHLYA,,,
DAKOTA,,,
DALY,,,
DANAELLE,,,
DARCY,,,
DARYA,,,
DELILAH,,,
DIA,,,
DIMA,,,
DIVINE,,,
DIYA,,,
DOMINIQUE,,,
DORA,,,
DORIS,,,
DOROTHY,,,
DYLAN,,,
DYLANE,,,
ELANA,,,
ELIANA GRACE,,,
ELINOR,,,
ELIROSE,,,
ELLA ROSE,,,
ELLIE ROSE,,,
ELLIOT,,,
ELNAZ,,,
ELY-ANN,,,
ELYANNE,,,
EMALIE,,,
EMIE,,,
EMMANUELLA,,,
ESMAY,,,
ESMERALDA,,,
EVA LUCIA,,,
EVANGELINA,,,
EVANIE,,,
EVANY,,,
EVELINE,,,
FATIMATA,,,
FELYCIA,,,
FERNANDA,,,
FLORIE,,,
GABY,,,
GARANCE,,,
GISELLE,,,
GITTY,,,
GRACIE,,,
GWENDOLYN,,,
HADASSA,,,
HAILY,,,
HAJAR,,,
HALLE,,,
HARRIET,,,
HAYLEY,,,
HIDAYA,,,
HINA,,,
HINDY,,,
ILANA,,,
INAS,,,
ISADORA,,,
IVANA,,,
IVANNA,,,
JAYDA,,,
JAYNA,,,
JAZLYN,,,
JIHANE,,,
JOLIANE,,,
JOUD,,,
JOULIA,,,
JOUMANA,,,
JULIENNE,,,
JUNIPER,,,
JUNO,,,
KACEY,,,
KAILEY,,,
KAILY,,,
KALIE,,,
KALISTA,,,
KAMILIA,,,
KAMYLA,,,
KAMYLLE,,,
KARLIE,,,
KASSY,,,
KATALYNA,,,
KATERINA,,,
KAYSSIE,,,
KEHLANI,,,
KELLY-ANNE,,,
KELSY,,,
KEREN,,,
KETSIA,,,
KIMIA,,,
KINSLEY,,,
KYLA,,,
LAINA,,,
LAURA-KIM,,,
LAURALEE,,,
LAURYANNE,,,
LAYTICIA,,,
LEAKYM,,,
LEILANI,,,
LELIA,,,
LENNIE,,,
LENORE,,,
LEVANA,,,
LEYANA,,,
LILIAN,,,
LILITH,,,
LILLY-ROSE,,,
LILYANNA,,,
LINE,,,
LIYAH,,,
LIZZY,,,
LOANA,,,
LOGAN,,,
LOONA,,,
LORELAI,,,
LORRAINE,,,
LOUCY,,,
LOUISON,,,
LOUVE,,,
LOVE,,,
LYA-ROSE,,,
LYHANA,,,
LYLOU,,,
LYNDA,,,
LYVIA-ROSE,,,
MACKENNA,,,
MADELYNE,,,
MADY,,,
MAELA,,,
MAELYE,,,
MAELYS,,,
MAGALI,,,
MAHALIA,,,
MAIMOUNA,,,
MAIZY,,,
MAKENZY,,,
MALIYA,,,
MALYAH,,,
MARCELLE,,,
MARIANE,,,
MARIE-ANGE,,,
MARIE-LOU,,,
MARIE-LOUISE,,,
MARIE-ROSE,,,
MARIE-SOLEIL,,,
MARILOUP,,,
MARINA,,,
MARISOL,,,
MARY-JANE,,,
MARYKA,,,
MARY-KATE,,,
MARY-LEE,,,
MARYSE,,,
MASSILIA,,,
MAURANE,,,
MAVIE,,,
MAVIS,,,
MAXYME,,,
MAYLINE,,,
MAYRA,,,
MAYSIE,,,
MAYSSANE,,,
MAYZIE,,,
MEERA,,,
MELIANNE,,,
MELYANE,,,
MICKAELA,,,
MICKAELLA,,,
MILA ROSE,,,
MILIE,,,
MILYA,,,
MINHA,,,
MOLLIE,,,
MORANE,,,
MOUNA,,,
MYAH,,,
MYKAELLA,,,
MYLANA,,,
MYLA-ROSE,,,
MYLIA,,,
MYLIE,,,
NADEGE,,,
NAIA,,,
NAIKA,,,
NANCY,,,
NEILA,,,
NELLA,,,
NIKA,,,
NINA-ROSE,,,
NOLANE,,,
NOURA,,,
NOURHANE,,,
NUMIDIA,,,
OCEANA,,,
OCTAVYA,,,
ODESSA,,,
OLYVIA,,,
OPALE,,,
PALOMA,,,
PERLA,,,
PEZIE,,,
PHILIPPA,,,
RAHMA,,,
RAYHANA,,,
RAYNA,,,
REMIE,,,
RITEL,,,
ROMANCE,,,
ROSA-LEE,,,
ROSELIA,,,
ROYAL,,,
SAKINA,,,
SALLY,,,
SAMMIE,,,
SAMY,,,
SARAH-EVE,,,
SARAH-LOU,,,
SARAN,,,
SCOTTIE,,,
SELINA,,,
SEPHORA,,,
SERINE,,,
SEVANA,,,
SHAINA,,,
SHAINDY,,,
SHANAYA,,,
SHAY,,,
SIDNEY,,,
SKYLEE,,,
SKYLER,,,
SOFIA-ROSE,,,
SOFINE,,,
SOFYA,,,
SOKHNA,,,
SOUJOUD,,,
STACEY,,,
STEVIE,,,
SYRINE,,,
TANINA,,,
TASNEEM,,,
TAYLOR,,,
TEA,,,
TERESA,,,
TESS,,,
THEANA,,,
THEODORA,,,
TIZIRI,,,
VALENTINE,,,
VICTORYA,,,
VIKTORIA,,,
VIOLA,,,
YENTY,,,
ZAHRAA,,,
ZARAH,,,
ZAYNA,,,
ZENDAYA,,,
ZISSY,,,
ZOELIA,,,
ZURI,,,
ZYA,,,
AALIYAH-ROSE,,,
AARNA,,,
AARYA,,,
ABEL,,,
ABIE,,,
ABRAR,,,
ABY-GAELLE,,,
ADALIA,,,
ADDILYN,,,
ADELLA,,,
ADELY,,,
ADRIA,,,
AELA,,,
AELIA,,,
AELLA,,,
AINA,,,
AISSATA,,,
AISSATOU,,,
AIVY,,,
AIYANNA,,,
AIYLA,,,
AIZA,,,
AKIRA,,,
ALAINA,,,
ALANNA,,,
ALANNAH,,,
ALAYAH,,,
ALESSI,,,
ALEXANDRIA,,,
ALEXINA,,,
ALIANA,,,
ALIANNA,,,
ALICIA ROSE,,,
ALIKA,,,
ALISHA,,,
ALISSYA,,,
ALITA,,,
ALIVIA,,,
ALLANA,,,
ALLY-ROSE,,,
ALMASSE,,,
ALORA,,,
ALYANA,,,
ALYANAH,,,
ALYANNA,,,
ALY-ROSE,,,
ALYSEE,,,
ALYSSA GRACE,,,
ALYSSA VALENTINA,,,
ALYSSE,,,
AMAIYA,,,
AMBER KAUR,,,
AMELIANE,,,
AMELIA-ROSE,,,
AMENA,,,
AMETHYS,,,
AMILIA,,,
AMINAH,,,
AMIRAH,,,
AMORA,,,
AMY-LOU,,,
ANAB,,,
ANAEL,,,
ANAHEE,,,
ANALIA,,,
ANASTAZIA,,,
ANASTAZYA,,,
ANGE,,,
ANGELE,,,
ANGELLA,,,
ANGELYKA,,,
ANIKA,,,
ANILA,,,
ANIYAH,,,
ANNA ROSE,,,
ANNA-BELLE,,,
ANNAEL,,,
ANNAH,,,
ANNA-LEE,,,
ANNALISA,,,
ANNA-MAY,,,
ANNA-SOPHIA,,,
ANNAYA,,,
ANNELIE,,,
ANORA,,,
APOLLONIA,,,
APRILE,,,
AQSA,,,
ARACELI,,,
AREEJ,,,
ARINAS,,,
AROA,,,
ARTEMISE,,,
ARYAM,,,
ASEES,,,
ASENA,,,
ASPEN,,,
ASSIYA,,,
ASSYA,,,
ASTRID LUNA,,,
AUDREY-ANN,,,
AUDREY-ANNE,,,
AURALIE,,,
AUREA,,,
AUTOMNE,,,
AVA ROSE,,,
AVALYN,,,
AVANA,,,
AVANI,,,
AVELINA,,,
AVERIE,,,
AVERY ROSE,,,
AYRA,,,
AYSHA,,,
AYZAL,,,
AZELIA,,,
AZELY,,,
AZZURRA,,,
BARBARA,,,
BASMA,,,
BAYLEE,,,
BEALYS,,,
BECCA,,,
BECKA,,,
BERNADETTE,,,
BEYZA,,,
BILLIE-JADE,,,
BOUCHRA,,,
BOUNTOURABY,,,
BREANNA,,,
BREINDY,,,
BRIELLA,,,
BRITHANY,,,
BROOKLYNN,,,
CAITLIN,,,
CALIA,,,
CALISTA,,,
CAMELINE,,,
CARA,,,
CARLA,,,
CARLY,,,
CASSY,,,
CHAIMA,,,
CHAIMAA,,,
CHAMA,,,
CHANEL,,,
CHARLIANNE,,,
CHARLIE-LOU,,,
CHARLIVIA,,,
CHARLYNE,,,
CHAVA,,,
CHAYMA,,,
CHRISTIANA,,,
CIEL,,,
CLARA-ROSE,,,
CLEOPATRA,,,
CLEOPHEE,,,
CORALEE,,,
CORDELIA,,,
CORINNE,,,
CRISTINA,,,
DALIAH,,,
DALIANA,,,
DALILA,,,
DALIYAH,,,
DAMIA,,,
DAMYA,,,
DANAHE,,,
DANAHEE,,,
DANNA,,,
DANNA-SOPHIA,,,
DAPHNE-ROSE,,,
DARINE,,,
DARIYA,,,
DAYA,,,
DEEBA,,,
DEITANE,,,
DELANEY,,,
DELIANNE,,,
DELSA,,,
DENISE,,,
DESTINEE,,,
DIANE,,,
DOLORES,,,
DORIA,,,
EEVIE,,,
ELANOR,,,
ELAURA,,,
ELENA MARIA,,,
ELENA ROSE,,,
ELEONOR,,,
ELEONORA,,,
ELIANAH,,,
ELISHA,,,
ELISHEVA,,,
ELIYAH,,,
ELIYANA,,,
ELLA GRACE,,,
ELLENA,,,
ELLY-ROSE,,,
ELONA,,,
ELY-ANNA,,,
ELYA-ROSE,,,
ELY-JADE,,,
ELYZA,,,
ELZA,,,
EMELINE,,,
EMERALD,,,
EMERSON,,,
EMERY,,,
EMIE-LOU,,,
EMILIE-ROSE,,,
EMILY-ROSE,,,
EMMAELLE,,,
EMMA-JEANNE,,,
EMMA-LEE,,,
EMMALIE,,,
EMMELINE,,,
EMYA,,,
ENA,,,
ENEA,,,
ENYA,,,
ERYKA,,,
ERZA,,,
ESPERANCE,,,
ESTY,,,
ETHEL,,,
EUNICE,,,
EVA LUNA,,,
EVA-LEE,,,
EVA-MARIA,,,
EVA-MAUDE,,,
EVELINA,,,
EVERLY-ROSE,,,
FALAK,,,
FANTA,,,
FATIHA,,,
FATMA,,,
FATOUMATA BINTA,,,
FELIA,,,
FERIEL,,,
FIDJI,,,
FIORELLA,,,
FLAVIA,,,
FLAVIE-ROSE,,,
FLECHELLE,,,
FLORANCE,,,
FLORENCIA,,,
FLORINE,,,
FRANKIE,,,
FRIDA,,,
FRIMY,,,
GABBY,,,
GABRYELLA,,,
GAEL,,,
GENEVIEVE,,,
GEORGIA,,,
GHALIA,,,
GIGI,,,
GIOIA,,,
GIOVANNA,,,
GOLDY,,,
GRACE-DIVINE,,,
HABIBA,,,
HADIYAH,,,
HADYA,,,
HAIDI,,,
HAISLEY,,,
HANIA,,,
HANINE,,,
HANIYA,,,
HARIETTE,,,
HARLEY,,,
HASSANATOU,,,
HAVEN,,,
HAYAT,,,
HAYLIA,,,
HEAVEN,,,
HELIA,,,
HELONA,,,
HERMIONE,,,
HILARY,,,
HOORAIN FATIMA,,,
HOSANNA,,,
HUDA,,,
HUMAIRA,,,
IBTISSEM,,,
IKRAM,,,
ILEF,,,
ILINCA,,,
IMA,,,
IMANY,,,
IMEN,,,
INA,,,
INDIA,,,
INGRID,,,
IRHA,,,
IVANKA,,,
IVY ROSE,,,
IVY-LOU,,,
IVY-ROSE,,,
IZABELLA,,,
JADORE,,,
JALIYA,,,
JANESSA,,,
JANIE,,,
JANINA,,,
JANIS,,,
JANNATTE,,,
JAYA,,,
JAYLAH,,,
JAZMINE,,,
JEANNE ELEONORE,,,
JEANNIE,,,
JEMMA,,,
JEWEL,,,
JEZABEL,,,
JINANE,,,
JINEN,,,
JIYA,,,
JOANIE,,,
JOLINE,,,
JOLYANE,,,
JOLYANNE,,,
JOOD,,,
JORANE,,,
JORDAN,,,
JORDANNE,,,
JOUDY,,,
JOUDYA,,,
JUDIA,,,
JULIA ROSE,,,
JULIE-ANN,,,
JULIET,,,
JULIETTA,,,
JULYANNE,,,
JUSTICE,,,
KADIATOU,,,
KADIJA,,,
KAELIE,,,
KAILANI,,,
KALA,,,
KALIANA,,,
KALINA,,,
KAMILAH,,,
KAMILLA,,,
KARELLE,,,
KASEY,,,
KASHVI,,,
KASSIA,,,
KATALIA,,,
KATHY,,,
KATIE,,,
KATRINA,,,
KATYA,,,
KAYCEE,,,
KAYLA-ROSE,,,
KAYLEIGH,,,
KAYLIA,,,
KAYLIAH,,,
KAYNA,,,
KAYRA,,,
KAYSIE,,,
KEANA,,,
KEISHA,,,
KELIA,,,
KELLY ANN,,,
KELLY-ROSE,,,
KELYANE,,,
KELYANN,,,
KELYNA,,,
KENZY,,,
KHADIJAH,,,
KIARAH,,,
KIMBERLEY,,,
KIMYA,,,
KINZA,,,
KORALYE,,,
KRYSTAL,,,
KRYSTEL,,,
KYANNA,,,
KYLIANE,,,
KYM,,,
KYRIE,,,
LAEL,,,
LAELIA,,,
LAMAR,,,
LANA-ROSE,,,
LARISSA,,,
LAURA-JEANNE,,,
LAURE-ELIE,,,
LAURELLE,,,
LAURELY,,,
LAURENE,,,
LAURIE-ANNA,,,
LAYANA,,,
LEA-FREDERIQUE,,,
LEAH-ROSE,,,
LEAKIM,,,
LEALOU,,,
LEA-SIMONE,,,
LEELA,,,
LEELOO,,,
LEHNA,,,
LEILA ROSE,,,
LEINA,,,
LENA ROSE,,,
LEONOR,,,
LETIZIA,,,
LETYCIA,,,
LEXANNE,,,
LEXYANNE,,,
LIANE,,,
LIANNE,,,
LIA-ROSE,,,
LIBA,,,
LIBBY,,,
LILAH,,,
LILIE,,,
LILIROSE,,,
LILLIAN,,,
LILLY-ANN,,,
LILYANN,,,
LILY-ANNA,,,
LILY-JEANNE,,,
LILYROSE,,,
LIVELY,,,
LIVI,,,
LOANE,,,
LOANNA,,,
LOEVA,,,
LONDON,,,
LORELIE,,,
LORI,,,
LOVALIE,,,
LOVANIE,,,
LOVY,,,
LUCE,,,
LUDIVINE,,,
LUDOVIE,,,
LUISA,,,
LUJAIN,,,
LUNA AMELIA,,,
LUNA BELLA,,,
LUNE,,,
LYA ROSE,,,
LYANE,,,
LYANNE,,,
LYDIANE,,,
LYLAH,,,
LYLIANE,,,
LYLY-ROSE,,,
LYORA,,,
LYVIE,,,
MACEY,,,
MACHA,,,
MADDY-SUN,,,
MADELIE,,,
MADYSEN,,,
MAEVA-ROSE,,,
MAGDALENA,,,
MAHA,,,
MAHDIA,,,
MAHELIA,,,
MAHELIE,,,
MAHEVA,,,
MAI,,,
MAILLY,,,
MAI-LY,,,
MAIRA,,,
MAIWENN,,,
MAIZIE,,,
MAJA,,,
MAKENNA,,,
MAKENZIE,,,
MALAURIE,,,
MALENA,,,
MALI,,,
MALICIA,,,
MALIHA,,,
MALYCIA,,,
MANA,,,
MANHA,,,
MANOLIA,,,
MANON,,,
MAREN,,,
MARGARITA,,,
MARGHERITA,,,
MARIA VICTORIA,,,
MARIAME,,,
MARIE-EVE,,,
MARIE-FELIX,,,
MARIE-LAURENCE,,,
MARIEME,,,
MARIETTE,,,
MARILIE,,,
MARILUNE,,,
MARILY,,,
MARILYN,,,
MARILYNE,,,
MARISSA,,,
MARJOLAINE,,,
MARJORY,,,
MARLEY,,,
MARLO,,,
MARLOWE,,,
MARTINE,,,
MARYAME,,,
MARYANN,,,
MARYJANE,,,
MARYLIE,,,
MARYLINE,,,
MARYSSA,,,
WILLIAM,,,
THOMAS,,,
LIAM,,,
NATHAN,,,
NOAH,,,
FELIX,,,
JACOB,,,
LOGAN,,,
GABRIEL,,,
ALEXIS,,,
RAPHAEL,,,
LEO,,,
OLIVIER,,,
SAMUEL,,,
ANTOINE,,,
EMILE,,,
EDOUARD,,,
ADAM,,,
BENJAMIN,,,
CHARLES,,,
VICTOR,,,
ZACK,,,
JAYDEN,,,
XAVIER,,,
LUCAS,,,
THEO,,,
ELLIOT,,,
JAMES,,,
LOUIS,,,
MATHIS,,,
ARTHUR,,,
ETHAN,,,
NOLAN,,,
ANTHONY,,,
ZACHARY,,,
HENRI,,,
ARNAUD,,,
DYLAN,,,
LOIC,,,
TRISTAN,,,
ALEXANDRE,,,
JUSTIN,,,
ELI,,,
RYAN,,,
LAURENT,,,
NICOLAS,,,
CALEB,,,
VINCENT,,,
ISAAC,,,
JULES,,,
JACKSON,,,
LUDOVIC,,,
PHILIPPE,,,
ZACKARY,,,
HAYDEN,,,
MILAN,,,
ETIENNE,,,
MATHEO,,,
DAVID,,,
MALIK,,,
ELOI,,,
MAYSON,,,
ELIOT,,,
LOUKA,,,
MAXIME,,,
RAYAN,,,
ALEX,,,
EVAN,,,
JAKE,,,
HUGO,,,
THEODORE,,,
DAMIEN,,,
JULIEN,,,
RAFAEL,,,
DANIEL,,,
TYLER,,,
ELIOTT,,,
SIMON,,,
DEREK,,,
LEONARD,,,
HUBERT,,,
MATHIAS,,,
JORDAN,,,
JEREMY,,,
MASON,,,
MICHAEL,,,
MATTEO,,,
LOIK,,,
ENZO,,,
AIDEN,,,
SAM,,,
TOMMY,,,
ALI,,,
AXEL,,,
LUCA,,,
JACK,,,
JOSHUA,,,
LYAM,,,
CHRISTOPHER,,,
MIKAEL,,,
ALBERT,,,
MATEO,,,
LEON,,,
LUKAS,,,
ALEXANDER,,,
ADRIEN,,,
BRANDON,,,
BRYAN,,,
PAUL,,,
AYDEN,,,
REMI,,,
CHRISTOPHE,,,
EMRICK,,,
ELIE,,,
JOSEPH,,,
ELIAS,,,
LUKA,,,
MATHIEU,,,
CHARLIE,,,
IBRAHIM,,,
MAEL,,,
OLIVER,,,
YOUSSEF,,,
JAD,,,
KAYDEN,,,
MAVERICK,,,
ALEXY,,,
EMMANUEL,,,
MATHYS,,,
TOM,,,
ANDREW,,,
JASON,,,
MOHAMED,,,
CHARLES-ANTOINE,,,
ELLIOTT,,,
JAYKE,,,
CEDRIC,,,
JOEY,,,
EDWARD,,,
KYLE,,,
MATTHEW,,,
NATHANIEL,,,
OWEN,,,
ALEK,,,
CHARLES-OLIVIER,,,
JAKOB,,,
MAXENCE,,,
SAMY,,,
BASTIEN,,,
JONATHAN,,,
JAXSON,,,
SACHA,,,
ALEC,,,
MAX,,,
OSCAR,,,
CLEMENT,,,
MAXIM,,,
HENRY,,,
MARCUS,,,
SHAWN,,,
AARON,,,
AMIR,,,
CHRISTIAN,,,
JAYSON,,,
JULIAN,,,
MALCOM,,,
ROMEO,,,
LIONEL,,,
MICKAEL,,,
ROBIN,,,
SEBASTIEN,,,
ESTEBAN,,,
YASSINE,,,
ADRIAN,,,
ANAS,,,
GEORGE,,,
GUILLAUME,,,
LEONARDO,,,
AHMED,,,
EDEN,,,
ILYAS,,,
LOHAN,,,
MALCOLM,,,
MAVRICK,,,
NOAM,,,
AYLAN,,,
DERECK,,,
ISMAEL,,,
JEROME,,,
LEANDRE,,,
LUDOVICK,,,
ZAKARIA,,,
CLOVIS,,,
MILO,,,
OMAR,,,
ROMAIN,,,
YANIS,,,
JAXON,,,
LORENZO,,,
LOU,,,
EDMOND,,,
JAMIE,,,
KEVIN,,,
WASSIM,,,
ANDY,,,
CHARLES-EDOUARD,,,
DOMINIC,,,
EDGAR,,,
FLORENT,,,
HAMZA,,,
ULYSSE,,,
YOUNES,,,
ABEL,,,
BENOIT,,,
GAEL,,,
KALEB,,,
RENAUD,,,
SAMI,,,
SEBASTIAN,,,
ZAKARY,,,
AYOUB,,,
COLIN,,,
ELY,,,
JAYCE,,,
MALEK,,,
NICHOLAS,,,
NOA,,,
LUDOVIK,,,
MADDOX,,,
RILEY,,,
ALEXI,,,
CEDRICK,,,
CHARLY,,,
FREDERIC,,,
NAEL,,,
PHILIP,,,
AMINE,,,
ELYAS,,,
HUNTER,,,
JOHN,,,
MIGUEL,,,
TRAVIS,,,
AUGUSTIN,,,
CHAD,,,
ELIAM,,,
EMILIO,,,
EZEKIEL,,,
GREGOIRE,,,
LENNOX,,,
LOUIS-FELIX,,,
YOUCEF,,,
ZAC,,,
AUGUSTE,,,
HARRISON,,,
IYAD,,,
LAMBERT,,,
FRANCIS,,,
KARIM,,,
LEVI,,,
LOAN,,,
LOICK,,,
PHILEMON,,,
YACINE,,,
YOAN,,,
ABRAHAM,,,
EMILIEN,,,
JEREMIE,,,
JOSH,,,
LOUIS-PHILIPPE,,,
MATIAS,,,
TYSON,,,
ARIS,,,
LINCOLN,,,
LOUKAS,,,
MARIUS,,,
MEHDI,,,
NOE,,,
RAYANE,,,
WYATT,,,
AKSEL,,,
BRADLEY,,,
DIMITRI,,,
ERIC,,,
GUSTAVE,,,
JESSY,,,
JIMMY,,,
MAVRIK,,,
ZAK,,,
ANTONIO,,,
DONOVAN,,,
ELIJAH,,,
GASPARD,,,
ILYES,,,
JESSE,,,
JOEL,,,
LEOPOLD,,,
MARC-OLIVIER,,,
SANTIAGO,,,
EMERICK,,,
EMIL,,,
JAYCOB,,,
LEWIS,,,
MESHILEM,,,
NASSIM,,,
YOHAN,,,
ZIAD,,,
CEDRIK,,,
IMRAN,,,
KAI,,,
MALYK,,,
MASSIMO,,,
NATHANAEL,,,
NICO,,,
PETER,,,
BLAKE,,,
CONNOR,,,
EMRIK,,,
FELIX-ANTOINE,,,
JAX,,,
JAY,,,
LAURIER,,,
LOUCAS,,,
MUHAMMAD,,,
ROBERT,,,
VIKTOR,,,
ADEM,,,
AHMAD,,,
AIDAN,,,
ANES,,,
CAMERON,,,
HAROUN,,,
MATIS,,,
MYLAN,,,
REMY,,,
TOBIAS,,,
AKSIL,,,
ALESSANDRO,,,
ANTONY,,,
BILAL,,,
BRAYDEN,,,
BRENDAN,,,
DAMIAN,,,
GEORGES,,,
HECTOR,,,
HENRIK,,,
JOSUE,,,
MALICK,,,
MAYSEN,,,
MOHAMMED,,,
YAHYA,,,
YASSER,,,
ZACHARIE,,,
ARNO,,,
AUSTIN,,,
BILLY,,,
IAN,,,
ISMAIL,,,
IYED,,,
KENDRICK,,,
KYLIAN,,,
LENNY,,,
MANUEL,,,
MARC,,,
MARCO,,,
MOHAMED AMINE,,,
NELSON,,,
STEVEN,,,
THIAGO,,,
WALID,,,
WESLEY,,,
ZIYAD,,,
ANTONIN,,,
CHARLI,,,
ELIO,,,
EMMETT,,,
EZRA,,,
HARRY,,,
IVAN,,,
JASPER,,,
JUDE,,,
LUKE,,,
MARK,,,
NOVAK,,,
PATRICK,,,
PHOENIX,,,
SILAS,,,
TIMOTHE,,,
WILSON,,,
ZAYD,,,
ALESSIO,,,
ANIS,,,
AYAAN,,,
CARTER,,,
CHASE,,,
KAMIL,,,
LANDON,,,
LOUIS-CHARLES,,,
MANU,,,
MARTIN,,,
SEAN,,,
ZACH,,,
ADRIANO,,,
AVERY,,,
BAPTISTE,,,
CHARLES-EMILE,,,
DANTE,,,
DIEGO,,,
FARES,,,
FREDERICK,,,
GRAYSON,,,
GREYSON,,,
HADI,,,
ILAN,,,
JADEN,,,
JEFFREY,,,
JEREMIAH,,,
JONAS,,,
KIAN,,,
LEANDRO,,,
LUCIEN,,,
MARC-ANTOINE,,,
MATT,,,
SALIM,,,
SIMEON,,,
AKRAM,,,
ALEJANDRO,,,
ALIX,,,
ANTON,,,
ARIEL,,,
AYMAN,,,
DAVEN,,,
FLORIAN,,,
ILYAN,,,
IMRANE,,,
ISAAK,,,
JACE,,,
JASMIN,,,
KARL,,,
KILIAN,,,
KONSTANTINOS,,,
MANOE,,,
MEDERICK,,,
MOHAMAD,,,
MORGAN,,,
MOSHE,,,
NICK,,,
NIKOLA,,,
OLI,,,
PABLO,,,
PIERRE,,,
PIERRE-ALEXANDRE,,,
REDA,,,
ROMAN,,,
SAMIR,,,
SASHA,,,
TEO,,,
THIERRY,,,
TOMAS,,,
WAEL,,,
ABDULLAH,,,
ANGELO,,,
ASHER,,,
BEN,,,
BRIAN,,,
CALVIN,,,
CHARLES-ETIENNE,,,
DAMON,,,
DAWSON,,,
DEAN,,,
ELYES,,,
EMANUEL,,,
EMERIC,,,
HADRIEN,,,
HASSAN,,,
ILIAS,,,
ILYASS,,,
ISAIAH,,,
JOUD,,,
KAIDEN,,,
MEDERIC,,,
MIKO,,,
MILES,,,
MOHAMED ALI,,,
NATE,,,
RICHARD,,,
SHELDON,,,
STEFAN,,,
TAHA,,,
TRYSTAN,,,
YAHIA,,,
YOUSEF,,,
YUSUF,,,
ZACKAEL,,,
ZAYN,,,
ABDERRAHMANE,,,
ALFRED,,,
ANDRE,,,
CARL,,,
CARSON,,,
CHRIS,,,
COLTON,,,
CRISTIAN,,,
CRISTIANO,,,
DARIO,,,
DARIUS,,,
DOMINIK,,,
EASTON,,,
EDWIN,,,
ELOIK,,,
GABIN,,,
GHALI,,,
GIULIANO,,,
IDRISS,,,
JOE,,,
JONAH,,,
JULIANO,,,
JUNIOR,,,
KAEL,,,
KENZI,,,
KEVEN,,,
KHALIL,,,
LOUIS-THOMAS,,,
MADDEN,,,
MARKUS,,,
MAVRYK,,,
MAXANDRE,,,
MAXIMILIAN,,,
MILANN,,,
NIKO,,,
NIKOLAS,,,
PARKER,,,
PIERRE-OLIVIER,,,
RAMY,,,
SCOTT,,,
SIDNEY,,,
THEODOR,,,
TIAGO,,,
TIMOTHEE,,,
YANN,,,
ADAMO,,,
AEDAN,,,
ARMAND,,,
AYMEN,,,
CARLOS,,,
CHARLOT,,,
CODY,,,
COLE,,,
DARYL,,,
DERICK,,,
DUSTIN,,,
DWAYNE,,,
EMERIK,,,
GIUSEPPE,,,
HENDRIX,,,
HOLDEN,,,
HUSSEIN,,,
IDRIS,,,
IZAK,,,
JAMESON,,,
JAWAD,,,
JEAN,,,
JOHNNY,,,
KILLIAN,,,
KRISTOPHER,,,
KYLAN,,,
LEVY,,,
MAMADOU,,,
MARIO,,,
MAYDEN,,,
MEIR,,,
MOHAMMAD,,,
NATHAEL,,,
NICOLA,,,
NOLANN,,,
OLY,,,
PAUL-EMILE,,,
QUENTIN,,,
RIYAD,,,
ROHAN,,,
ROWAN,,,
RYAD,,,
RYDER,,,
SAAD,,,
SHLOMO,,,
SUNNY,,,
VALENTIN,,,
VINCENZO,,,
WILLYAM,,,
YAN,,,
YANI,,,
YEHUDA,,,
ZION,,,
ABDERRAHMAN,,,
ACHILLE,,,
ADAN,,,
ALAN,,,
ALES,,,
ALISTAIR,,,
ANTONI,,,
ARON,,,
BENTLEY,,,
BOBBY,,,
BOUBACAR,,,
BRUNO,,,
CHADI,,,
CHARLES-HENRI,,,
DAMIANO,,,
DANNY,,,
DECLAN,,,
EDDY,,,
ELIAKIM,,,
EMERSON,,,
EMRYCK,,,
ENRICK,,,
FEISH,,,
FELYX,,,
FINN,,,
GREGORY,,,
HABIB,,,
HEAVEN,,,
HUDSON,,,
IMAD,,,
JENSEN,,,
JOSIAH,,,
KAYLAN,,,
KIERAN,,,
KINGSTON,,,
KYLIAM,,,
LORIC,,,
LOUCA,,,
MAHDI,,,
MAHMOUD,,,
MASSIL,,,
MATTHIAS,,,
MAXIMILIEN,,,
MICHEL,,,
MIKKO,,,
MIRO,,,
MORDECHAI,,,
MOUAD,,,
MOUSSA,,,
MYLES,,,
RAMI,,,
RYLAN,,,
SAMAEL,,,
SHIMON,,,
SKYLER,,,
TAYLOR,,,
TIM,,,
ULRIC,,,
VIHAAN,,,
WILLEM,,,
YANNI,,,
YASSIR,,,
YOSEF,,,
ZAKARYA,,,
ALARIC,,,
ALEXYS,,,
ANDREAS,,,
ARI,,,
ARLO,,,
ARTIN,,,
AURELE,,,
AYLANE,,,
AYMERIC,,,
CYRIL,,,
DANY,,,
DARREN,,,
DENZEL,,,
DEVIN,,,
DEVON,,,
DIMITRIOS,,,
ELIEL,,,
ELOICK,,,
EMERY,,,
EMRIC,,,
ERNEST,,,
EUGENE,,,
EZEQUIEL,,,
FABIAN,,,
FRANCESCO,,,
FRANCOIS,,,
GABRYEL,,,
GARY,,,
HEDI,,,
ISAK,,,
JEAN-CHRISTOPHE,,,
JED,,,
JEREMI,,,
KAYSON,,,
KHALED,,,
LORIK,,,
LOUIS-DAVID,,,
LOUIS-PHILIP,,,
LOUIS-SIMON,,,
MAJD,,,
MARCEL,,,
MAREK,,,
MARSHALL,,,
MASSINISSA,,,
MATHYAS,,,
MATYS,,,
MAURICE,,,
MAXIMILIANO,,,
MAXWELL,,,
MEDERIK,,,
MEYSON,,,
MICAH,,,
MIKA,,,
MIRKO,,,
NAZIM,,,
NEIL,,,
OUSMANE,,,
RANDY,,,
RAYEN,,,
REYANSH,,,
SOULEYMANE,,,
STEFANO,,,
TEODOR,,,
TOBY,,,
TONY,,,
TROY,,,
YASSIN,,,
YISROEL,,,
YITZCHOK,,,
ZAKAEL,,,
ADAMIE,,,
ADEN,,,
ADNAN,,,
ALECK,,,
ALLAN,,,
ALLEN,,,
ALONSO,,,
ALY,,,
ANAEL,,,
ANAKIN,,,
ANASS,,,
ANDREA,,,
ANDREI,,,
ARAM,,,
ARMIN,,,
ARTUR,,,
ASHTON,,,
AUGUST,,,
BASILE,,,
BAYREM,,,
BLAISE,,,
BO,,,
BRADY,,,
BRYSON,,,
CAMDEN,,,
CAMIL,,,
CHARLES OLIVIER,,,
CHARLES-ALEXANDRE,,,
CLARK,,,
COOPER,,,
DASTAN,,,
DAVE,,,
DAX,,,
DAYVEN,,,
DERRICK,,,
DIDIER,,,
DIMITRY,,,
DOMENICO,,,
DOV,,,
EDDIE,,,
ELYAM,,,
ELYAN,,,
EMILIANO,,,
ERIK,,,
EYDEN,,,
FARIS,,,
FILIP,,,
FINLEY,,,
FRANCOIS-XAVIER,,,
GILBERT,,,
GIORDANO,,,
GRAHAM,,,
GREG,,,
HAKIM,,,
HELIOS,,,
ILYANE,,,
ISIDORE,,,
ISRAEL,,,
ISSA,,,
IZAAK,,,
JACKOB,,,
JAYK,,,
JEAN-FELIX,,,
JERONIMO,,,
JERRY,,,
JOACHIM,,,
JOAQUIM,,,
JOSEF,,,
KEEGAN,,,
KELLAN,,,
KELVIN,,,
KENAN,,,
KENNY,,,
KHALEB,,,
KIYAN,,,
LOUIS-ALEXANDRE,,,
MADOX,,,
MALIX,,,
MARC-AURELE,,,
MARKO,,,
MARTY,,,
MATTHEO,,,
MAXIMUS,,,
MIKE,,,
MUSTAFA,,,
NOAH-JAMES,,,
NOHLAN,,,
ODIN,,,
OUMAR,,,
PAOLO,,,
PEYTON,,,
PHILLIP,,,
PIERRE-ANTOINE,,,
RAKAN,,,
RALPH,,,
RAYYAN,,,
RICKY,,,
RONAN,,,
ROY,,,
SAID,,,
SAMMY,,,
SAWYER,,,
SKY,,,
SPENCER,,,
SULLIVAN,,,
TERRY,,,
TOMY,,,
VLADIMIR,,,
WALTER,,,
WILL,,,
YANNICK,,,
YOHANN,,,
YOUNESS,,,
YOUSUF,,,
ZAYAN,,,
ZAYDEN,,,
AAYAN,,,
ABDERAHMANE,,,
ABDERRAHMEN,,,
ABDOULAYE,,,
ACE,,,
ADRIEL,,,
AEDEN,,,
ALEXANDROS,,,
ALEXEI,,,
ALPHA,,,
ALPHONSE,,,
AMJAD,,,
ANDERSON,,,
ANSON,,,
ANTONIOS,,,
ARAD,,,
ARYAN,,,
AUBERT,,,
AXL,,,
AYAN,,,
AYDAN,,,
BARAE,,,
BERNARDO,,,
BRENDON,,,
BRODY,,,
BROOKLYN,,,
BRUCE,,,
BRYCE,,,
CAMILLE,,,
CARLO,,,
CARMELO,,,
CASTIEL,,,
CHAIM,,,
CHARBEL,,,
CHARLES-ALEXIS,,,
CHARLES-HENRY,,,
CHARLO,,,
CLAYTON,,,
COLLIN,,,
CRISTOBAL,,,
DAEL,,,
DALLAS,,,
DANICK,,,
DAVIN,,,
DAYMON,,,
DORIAN,,,
ELIEZER,,,
ELLIS,,,
ELYOTT,,,
EMRYK,,,
EMRYS,,,
EMYLE,,,
ENOCH,,,
ETHANE,,,
EVANS,,,
EYTAN,,,
EZECHIEL,,,
FABIO,,,
FABRICE,,,
FADI,,,
FERNANDO,,,
FIRAS,,,
FREDERIK,,,
GASPAR,,,
GAVIN,,,
GHILES,,,
GIANNI,,,
GIOVANNI,,,
HARLEY,,,
HARRIS,,,
ILIAN,,,
ISSAM,,,
IZACK,,,
JACQUES,,,
JAYSEN,,,
JEFF,,,
JOAKIM,,,
JOAQUIN,,,
JOBIE,,,
JOHAN,,,
JOVAN,,,
JUDAH,,,
KALEL,,,
KENNETH,,,
KENZO,,,
KENZY,,,
KODY,,,
KRISTOF,,,
LAURENCE,,,
LAWRENCE,,,
LEONIDAS,,,
LEV,,,
LIANO,,,
LOAM,,,
LOGHAN,,,
LOKI,,,
LONDON,,,
LOUAN,,,
LOUIE,,,
LOYCK,,,
LUCIANO,,,
LUDO,,,
MAIDEN,,,
MARLEY,,,
MAVERIK,,,
MENDEL,,,
MIKHAEL,,,
NADIR,,,
NATAN,,,
NIKSHAN,,,
NIZAR,,,
NOLHAN,,,
OCTAVE,,,
OSKAR,,,
OTHMANE,,,
PANAGIOTIS,,,
PHENIX,,,
PRINCE,,,
RACIM,,,
RAIDEN,,,
RAY,,,
RAYDEN,,,
RAYMOND,,,
RIAD,,,
RICHER,,,
ROBY,,,
ROCCO,,,
RORY,,,
SHANE,,,
SHAYA,,,
SHAYNE,,,
SHELDEN,,,
SHULEM,,,
SIRAJ,,,
SONNY,,,
STAVROS,,,
STEPHAN,,,
STEPHANE,,,
SYDNEY,,,
TAMIM,,,
TAYM,,,
TIMUR,,,
TREVOR,,,
VIGGO,,,
WALEED,,,
WILIAM,,,
WINSTON,,,
WYLLIAM,,,
XANDER,,,
XAVI,,,
YACOUB,,,
YOURI,,,
YOUSSOUF,,,
YVAN,,,
YVES,,,
ZACHARI,,,
ZAID,,,
ZAKARIYA,,,
Ã‰RIC,,,
ZAKK,,,
ZAVIER,,,
ZEIN,,,
ZIDANE,,,
AARAV,,,
ABBAS,,,
ABDOUL AZIZ,,,
ABDOULLAH,,,
ABDULRAHMAN,,,
ADIB,,,
AGHILES,,,
AHMADOU BAMBA,,,
AJAY,,,
AKIM,,,
ALAIN,,,
ALEKSANDR,,,
ALEXANDR,,,
ALEXANDRU,,,
ALEXIM,,,
ALONZO,,,
ALPHA OUMAR,,,
AMADOU,,,
AMADOU SADIO,,,
AMEER,,,
AMR,,,
ANDREY,,,
ANIR,,,
ANISS,,,
ARASH,,,
ARES,,,
ARMAN,,,
ARMANDO,,,
ARTURO,,,
ARTYOM,,,
ASSIL,,,
AUGUSTUS,,,
AUREL,,,
AVRUM,,,
AYDIN,,,
AYMANE,,,
AZIZ,,,
AZRIEL,,,
BACHIR,,,
BADR,,,
BERNARD,,,
BJORN,,,
BODHI,,,
BOGDAN,,,
BORIS,,,
BRANDEN,,,
BRAXTON,,,
CALLUM,,,
CAM,,,
CAMRON,,,
CAREY,,,
CASEY,,,
CELESTIN,,,
CESAR,,,
CHACE,,,
CHAHINE,,,
CHARLE,,,
CHARLES-EDWARD,,,
CHRISTIANO,,,
CLARENCE,,,
COHEN,,,
DALI,,,
DAN,,,
DANIIL,,,
DANIK,,,
DANILO,,,
DAREN,,,
DARIEL,,,
DAVI,,,
DAVIS,,,
DENIS,,,
DEVAN,,,
DEVEN,,,
DEXTER,,,
DHRUV,,,
DIAMOND,,,
DJAYDEN,,,
DJIBRIL,,,
DONAVAN,,,
ELISEO,,,
ELOIC,,,
ELOUAN,,,
ELVIS,,,
ELY-JAMES,,,
ELYOT,,,
EMIR,,,
ENRIQUE,,,
EVERETT,,,
EZIO,,,
FABIEN,,,
FADY,,,
FAHAD,,,
FELIX-OLIVIER,,,
FRANCISCO,,,
FRANCO,,,
FYODOR,,,
GABRIELE,,,
GAUTHIER,,,
GEORGES-EMILE,,,
GORDON,,,
GRANT,,,
GURFATEH SINGH,,,
GUSTAVO,,,
HANS,,,
HARVEY,,,
HAYTHAM,,,
HEMRICK,,,
HERSHY,,,
HICHAM,,,
IBRAHIMA,,,
ILAY,,,
ILES,,,
ILYASSE,,,
IMAN,,,
IOANNIS,,,
ISA,,,
ISACK,,,
ISLAM,,,
JAI,,,
JALEN,,,
JAMAL,,,
JAMY,,,
JAXEN,,,
JAYSSON,,,
JEAN-FRANCOIS,,,
JEAN-SEBASTIEN,,,
JIBRIL,,,
JOHNATHAN,,,
JOLAN,,,
JORDAN JAMES,,,
JORDAN JOSEPH,,,
JORICK,,,
JUAN SEBASTIAN,,,
JUBA,,,
JULIO,,,
JULIUS,,,
KAELAN,,,
KALVIN,,,
KAMAL,,,
KAMRAN,,,
KARAM,,,
KARAS,,,
KAYAN,,,
KAYDAN,,,
KELYAN,,,
KERVENS,,,
KIAM,,,
KINAN,,,
KINGSLEY,,,
LANCELOT,,,
LAWSON,,,
LAYTON,,,
LENI,,,
LENNON,,,
LENOX,,,
LEOPAUL,,,
LOANN,,,
LOEVAN,,,
LORICK,,,
LOUAM,,,
LOUIS ALEXANDRE,,,
LOUIS-ETIENNE,,,
LOUIS-FRANCOIS,,,
LOUIS-VICTOR,,,
LOUIS-VINCENT,,,
LOUNES,,,
LOUVIK,,,
LOVIK,,,
LUC,,,
LUDGER,,,
LUDOVYK,,,
LUDWIG,,,
MADANI,,,
MADISON,,,
MAIK,,,
MAIKAN,,,
MAKAR,,,
MAKSIM,,,
MALO,,,
MANOLO,,,
MARC-ANDRE,,,
MARC-AUREL,,,
MARC-EDOUARD,,,
MARCELO,,,
MARCOS,,,
MARVIN,,,
MARWAN,,,
MARWANE,,,
MASSIN,,,
MATHEW,,,
MATTIS,,,
MAVRYCK,,,
MAYAS,,,
MAYSUN,,,
MEDERYK,,,
MEILECH,,,
MELIK,,,
MELVIN,,,
MENACHEM MENDEL,,,
MENDY,,,
MICHEAL,,,
MIKEL,,,
MIKHAIL,,,
MILTON,,,
MOEMEN,,,
MOHAMED TAHA,,,
MOHAMED YASSINE,,,
MOHAMED YOUSSEF,,,
MOHAMMED AMINE,,,
MONTGOMERY,,,
MOUHAMAD,,,
MOUHAMED,,,
MOUHAMMAD,,,
MOUHAMMED,,,
MOUNIR,,,
MYLANN,,,
NABIL,,,
NAIM,,,
NATHANYEL,,,
NIKAN,,,
NIKKO,,,
NIKOLAOS,,,
NIXON,,,
NOVA,,,
OLLI,,,
OTHMAN,,,
OTHNIEL,,,
PAXTON,,,
PIER-OLIVIER,,,
PIERRE-ALEXIS,,,
PIERRE-LUC,,,
PIERRICK,,,
PRESTON,,,
QAIS,,,
QUINN,,,
RADVIN,,,
RAFFAEL,,,
RAFI,,,
RAMSEY,,,
RAOUL,,,
RAWAD,,,
REDOUANE,,,
REHAN,,,
REMI-PIERRE,,,
RIVER,,,
ROBERTO,,,
ROGER,,,
RUBEN,,,
SAIF,,,
SAJED,,,
SALAS,,,
SALEM,,,
SALMANE,,,
SAMIAN,,,
SAMSON,,,
SAUL,,,
SELYAN,,,
SEVAG,,,
SHEA,,,
SHMUEL,,,
SINA,,,
SKANDER,,,
SOHAN,,,
SOLI,,,
SOLOMON,,,
SOREN,,,
SOULAYMANE,,,
STANLEY,,,
STEFANOS,,,
STEPHEN,,,
STERLING,,,
TAIM,,,
TAMEEM,,,
TANNER,,,
TAREK,,,
TCHAD,,,
THEOPHILE,,,
TIMOTHY,,,
TZVI,,,
UGO,,,
ULRICK,,,
ULRIK,,,
URIEL,,,
VINCE,,,
WARD,,,
WARREN,,,
WILLIAM-DAVID,,,
WILLIE,,,
YAKOUB,,,
YAKOV,,,
YANERICK,,,
YASTENE,,,
YAZAN,,,
YAZID,,,
YLAN,,,
YORAM,,,
YOUSSOF,,,
YURI,,,
ZACK-OLIVIER,,,
ZAIN,,,
AABEL,,,
AARIZ,,,
ABDALLAH,,,
ABDELDJALIL,,,
ABDELLAH,,,
ABDELSALAM,,,
ABDERRAHIM,,,
ABDIAS,,,
ABDOU,,,
ABDOU KARIM,,,
ABDOUL,,,
ABDUL RAHMAN,,,
ABTIN,,,
ABU BAKAR,,,
ADAM JAMES,,,
ADAM TAHA,,,
ADAMA,,,
ADEL,,,
ADNANE,,,
ADONIS,,,
AHYAN,,,
AJAI,,,
AKIAN,,,
AKIVA,,,
ALARICK,,,
ALBANY,,,
ALCIDE,,,
ALEKSI,,,
ALEX-ANTOINE,,,
ALEX-OLIVIER,,,
ALIOU,,,
ALVIN,,,
ALYAAN,,,
ALYX,,,
AMADEO,,,
AMANI,,,
AMARA,,,
AMAYES,,,
AMAZIAH,,,
AMAZIGH,,,
AMEN,,,
AMJED,,,
AMNAY,,,
ANAKYN,,,
ANASTASIOS,,,
ANATOLY,,,
ANDRES,,,
ANGEL,,,
ANTHONIN,,,
ANWAR,,,
ANZO,,,
ARCHANGE,,,
AREN,,,
ARIF,,,
ARIYA,,,
ARJUN,,,
ARMAAN,,,
ARMEN,,,
ARSENE,,,
ARSLAN,,,
ARTAN,,,
ARVIN,,,
ARYA,,,
ASIM,,,
ASLAN,,,
ATHANASIOS,,,
ATLAN,,,
ATLAS,,,
AUSTEN,,,
AVROHOM,,,
AVYAAN,,,
AVYUKT,,,
AYLIMAS,,,
AYMRICK,,,
AYRTON,,,
AZAR,,,
AZLAN,,,
BABACAR,,,
BAKARY,,,
BARAA,,,
BARUCH,,,
BASSEL,,,
BASSIL,,,
BASTIAN,,,
BEAU,,,
BENITO,,,
BENJAMYN,,,
BENYAMIN,,,
BIENVENU,,,
BILEL,,,
BILLEL,,,
BINH MINH,,,
BIRAHIM,,,
BOAZ,,,
BORNA,,,
BOWEN,,,
BRAHIM,,,
BRAYAN,,,
BRAYLEN,,,
BRENNAN,,,
BRYAN DAVID,,,
BRYANT,,,
BYLLY,,,
BYRON,,,
CAELAN,,,
CAELEN,,,
CAIRO,,,
CALOGERO,,,
CAMILO,,,
CASIMIR,,,
CAYDEN,,,
CHANNING,,,
CHARLELY,,,
CHARLES-ELI,,,
CHARLES-ELIE,,,
CHARLES-ELIOT,,,
CHARLES-ELLIOT,,,
CHARLES-ELLIOTT,,,
CHARLES-ERIC,,,
CHARLES-FELIX,,,
CHARLES-HUGO,,,
CHARLEY,,,
CHAYTON,,,
CHEIKH,,,
CHEIKH TIDIANE,,,
CHEMS,,,
CHEN,,,
CHRISTOFER,,,
CHRISTOS,,,
CILLIAN,,,
CLERMONT,,,
CONILUCY,,,
CONOR,,,
CONSTANT,,,
CONSTANTIN,,,
COREY,,,
CYRUS,,,
DAEMON,,,
DAKOTA,,,
DALTON,,,
DAMYAN,,,
DAMYEN,,,
DANIAL,,,
DANYAL,,,
DANYCK,,,
DARIS,,,
DARNELL,,,
DARRELL,,,
DARWIN,,,
DAVID JR.,,,
DAVID SHLOMO,,,
DAVID-ALEXANDRE,,,
DAVID-ALEXIS,,,
DAVIDE,,,
DAYAN,,,
DAYNE,,,
DEALAN,,,
DEAMON,,,
DEAVEN,,,
DEMIR,,,
DENIZ,,,
DESTIN,,,
DESTINE,,,
DEV,,,
DEVRAN,,,
DJAMAL,,,
DOM,,,
DOMINIC SIMEONIE,,,
DOMINICK,,,
DONALD,,,
DORYAN,,,
DRAYSON,,,
DREAN,,,
DUKE,,,
DWIGHT,,,
DYLEN,,,
EBRAHIM,,,
EDRICK,,,
EDWYN,,,
EFRAIM,,,
EIDEN,,,
EITHAN,,,
ELAIJAH,,,
ELIAN,,,
ELI-JAMES,,,
ELIMELECH,,,
ELIOTH,,,
ELIRAM,,,
ELISEE,,,
ELIYAH,,,
ELLYOTT,,,
ELOUANN,,,
ELOY,,,
ELYO,,,
ELYSON,,,
EMAD,,,