,Topic
0,réinsertion sociale - répertoire des ressources en dépendances - fiche de la ressource - résidents de la province ou du territoire - ressource publique - réadaptation en dépendance le virage - ressource publique services - aide et soutien - jeunes et semaine de prévention - ans anglais quiz - groupes d'âge - durée du programme - fédération cdf - innovation en matière de santé mentale - innovation en matiere - dépendances spd - cognitivo comportementale entretien - accès aux services de santé - consommation d'alcool de cannabis ou d'autres substances - abitibi témiscamingue - services offerts - service d'aide - quiz pour les jeunes - quiz vrai ou faux activité - délivrance d'une attestation temporaire - problèmes de jeu pathologique msss répertoires - communauté thérapeutique dernière - intervention précoce en dépendance - appel à projets - clientèle jeunes
1,répertoire des ressources en dépendances - durée du programme - ressource certifiée - fiche de la ressource - ressource certifiée en dépendances - aide et soutien - thérapie individuelle - jours approche - thérapie individuelle ou de groupe - hommes et femmes - cognitivo comportementale - réinsertion sociale - laurentides fiche - cognitivo comportementale dernière - laurentides fiche de la ressource - réinsertion sociale thérapie individuelle - humaniste dernière - mauricie et centre du québec - mauricie et centre - traitement des dépendances - centre du québec - réinsertion sociale thérapie - centre de traitement - jeu pathologique - toxicomanie pour les problèmes de jeu pathologique - québec fiche - lanaudière fiche - centre de traitement des dépendances - québec fiche de la ressource - chaudière appalaches
2,estrie fiche - côte nord - innovation en matière de santé mentale - québec fiche de la ressource - clsc dans les délais établis - capitale nationale québec - campagne médiatique - pratique des jeux de hasard et d'argent - mauricie et centre du québec - programme sur l'usage - toxicomanie pour les problèmes de jeu - ressource à but lucratif - ministre délégué à la santé - régions ressources publiques - évaluation des avantages d'ensemble - réadaptation dans un délai - soutien à la désintoxication en externe réinsertion - gouvernement fédéral - dépendance en centre - hébergement en dépendance - soutien à l'entourage - québec québec - jeu pathologique - cognitivo comportementale entretien - centre du québec - indicateurs complémentaires utilisés pour le suivi de programmes - évaluation des conducteurs saaq - quiz pour les jeunes - laurentides fiche de la ressource - certificat de conformité
3,santé mentale - clientèle jeunes - fédération cdf - évaluation de la candidature - organisation admissible - rencontre estivale - résidents de la province ou du territoire - établissements du réseau de la santé - abitibi témiscamingue - taux d'implantation de la stratégie - conseil de la fédération pour l'innovation en matière - réadaptation en dépendance le virage - semaine de prévention des dépendances spd - dépendances spd - santé et services sociaux - secrétariat du cdf - indicateurs associés - guide d'animation - matériel de sensibilisation - critère de consultation - province du québec - réadaptation en externe - innovation en matiere sante mentale - initiative du projet de l'étude - centre du québec - federation pour innovation en matiere - conséquences liés à la consommation d'alcool de cannabis - centres intégrés - usagers en attente d'un service - ensemble perçus
4,réadaptation en dépendance - service de soutien - clientèle jeunes - ressource publique - fiche de la ressource - services de réadaptation - désintoxication en externe réinsertion sociale - désintoxication en externe réinsertion - clientèle jeunes et adultes - désintoxication en externe - traitements de substitution - aide et soutien - réadaptation en externe - évaluation des conducteurs saaq - centre de réadaptation - réinsertion sociale - évaluation des conducteurs saaq dernière - désintoxication avec hébergement - répertoire des ressources en dépendances - ressource publique services - services de réadaptation en externe - ressource publique services de réadaptation - saaq dernière - centre de réadaptation en dépendance - réadaptation en externe et avec hébergement - réadaptation en dépendance le virage - évaluation des conducteurs - québec fiche de la ressource - soins de santé mentale - services de réadaptation en externe et avec hébergement
5,réinsertion sociale - organisation admissible - dépendance en centre - matériel de sensibilisation - évaluation des avantages - hommes et femmes - cognitivo comportementale dernière - jours approche - côte nord - cognitivo comportementale - programme sur l'usage et les dépendances aux substances - taux d'implantation de la stratégie - gouvernement fédéral - service de soutien - centre d'hébergement - communauté thérapeutique - services sociaux rassemble - matière de consommation - ans anglais quiz vrai - conséquences liés - organisation gagnante - conseil de la fédération - centre de réadaptation dans un délai - intervention précoce en dépendance - jeunes à faire des choix - gestion utilisés - problèmes de jeu pathologique msss répertoires - thérapie individuelle ou de groupe - groupes d'âge pour découvrir - federation pour innovation en matiere
6,réadaptation dans un délai - réseau de la santé - soutien à la désintoxication en externe réinsertion - taux d'implantation de l'offre de service de détection - conseil de la fédération cdf - estrie fiche - problèmes d'alcoolisme - services sociaux ententes de gestion - initiative du projet de l'étude - jeu pathologique msss répertoires - conséquences liés à la consommation - ministère de la santé et des services - innovation en matière de santé - services sociaux rassemble - accès aux services de santé - avantages d'ensemble perçus - évaluation des avantages d'ensemble - fédération pour l'innovation en matière - ressource publique services de réadaptation - risques associés à la consommation - mauricie et centre - âge pour découvrir - indicateurs de gestion utilisés par le ministère de la santé - conseil de la fédération pour l'innovation - réinsertion sociale thérapie - numéro sans frais - alcool de cannabis - ministres des provinces - campagne sur l'alcool - problèmes de jeu
7,répertoire des ressources en dépendances - durée du programme - fiche de la ressource - ressource certifiée en dépendances - ressource certifiée - thérapie individuelle - thérapie individuelle ou de groupe - jours approche - hommes et femmes - cognitivo comportementale - réinsertion sociale - centre du québec - mauricie et centre - mauricie et centre du québec - aide et soutien - québec fiche de la ressource - québec fiche - capitale nationale - capitale nationale québec - cognitivo comportementale dernière - centre du québec fiche - réinsertion sociale thérapie individuelle - réinsertion sociale thérapie - laurentides fiche - laurentides fiche de la ressource - entretien motivationnel - chaudière appalaches - humaniste dernière - québec québec - côte nord
8,pratique des jeux - problèmes de jeu - taux d'implantation de l'offre de service - certification des ressources communautaires ou privées - désintoxication en externe réinsertion - estrie fiche - règlement sur la certification des ressources communautaires - jours approche - laurentides fiche de la ressource - conséquences liés à la consommation d'alcool - quiz vrai ou faux activité - avantages d'ensemble perçus - matière de santé - programme sur l'usage et les dépendances aux substances - aide et soutien à la récupération - indicateurs de gestion - indicateurs de gestion en santé - services sociaux cisss - federation pour innovation en matiere sante - intervention précoce en dépendance - service de détection et d'intervention précoce en dépendance - dépendances spd - sante mentale et de traitement - mauricie et centre - ans anglais quiz - réinsertion sociale thérapie - conseil de la fédération cdf - problèmes d'alcoolisme et de toxicomanie - règlement sur la certification - services de réadaptation en externe et avec hébergement
9,territoire concerné - consommation d'alcool de cannabis - mauricie et centre - ministère de l'éducation - efficacité des économies - federation pour innovation - désintoxication en externe - innovation en matiere sante - règlement sur la certification - établissements du réseau de la santé - réadaptation en dépendance le virage - intervention précoce - risque de le devenir - télécopieur ressource publique - fiche de la ressource - imputabilité egi - répertoire des indicateurs - désintoxication avec hébergement - ministère de la santé - services sociaux ciusss - santé mentale et de traitement - gouvernement fédéral - économies de coûts - initiative du projet de l'étude ou du programme - groupes d'âge - hommes et femmes - traitements de substitution - réadaptation en externe et avec hébergement - situation d'itinérance ou à risque de le devenir - réadaptation en dépendance
10,évaluation des conducteurs saaq - gestion le répertoire - approche s préconisée - campagne sur l'alcool - taux d'implantation de la stratégie - argent chez les jeunes - matière de santé mentale - centre de santé - quiz pour les jeunes - ressource publique services de réadaptation - engagement social - certification des ressources communautaires ou privées - dépendances aux substances - accès à un service en clsc dans les délais - clientèle jeunes et adultes - jours approche - matière de santé - prévention de la rechute - cognitivo comportementale entretien - situation d'itinérance ou à risque de le devenir - santé et services - thérapie individuelle ou de groupe - groupes d'âge - conseil de la fédération cdf - jeunes à faire - facteurs de protection - quiz vrai - laurentides fiche de la ressource - centre de traitement - attente d'un service en clsc
11,centre du québec fiche - règlement sur la certification des ressources communautaires - ministre délégué à la santé - ressource à but lucratif - conseil de la fédération pour l'innovation - attente d'un service - usagers en attente d'un service en clsc - âge pour découvrir - récupération à la suite d'une intoxication - alcool les drogues - laurentides fiche de la ressource - campagne sur l'alcool - formation des intervenants - fédération pour l'innovation en matière - programme ont atteint - répertoire des ressources en dépendances - indicateurs associés aux egi - jours ouvrables - pratique des jeux de hasard - services offerts - appel à projets - attestation temporaire - service d'aide et de soutien à la désintoxication - télécopieur ressource - conséquences liés - service de soutien - hommes et femmes - avantages d'ensemble - service de détection et d'intervention précoce - matière de santé mentale et de traitement
12,ressource certifiée en dépendances - ressource certifiée - fiche de la ressource - thérapie individuelle ou de groupe - durée du programme - répertoire des ressources en dépendances - thérapie individuelle - jours approche - centre du québec - aide et soutien - clientèle jeunes - mauricie et centre - hommes et femmes - laurentides fiche de la ressource - laurentides fiche - mauricie et centre du québec - cognitivo comportementale - québec fiche de la ressource - humaniste dernière - centre du québec fiche - efficacité des économies de coûts - situation d'itinérance ou à risque - matière de consommation - usagers en attente d'un service - ministère de la santé - traitements de substitution - fédération pour l'innovation en matière de santé - attestation temporaire de conformité - ressource à but lucratif thérapie - santé mentale et de traitement
13,campagne d'information et de sensibilisation - initiative le projet - clientèle jeunes - soins de santé mentale - désintoxication en externe - indicateurs de gestion utilisés par le ministère de la santé - délais établis - msss et santé - initiative du projet - cession d'un certificat - service d'aide et de soutien - réseau de la santé et des services - risque de le devenir - économies de coûts - pratique des jeux de hasard et d'argent - établissements du réseau de la santé - cognitivo comportementale - ressource publique services de réadaptation - clsc dans les délais établis selon la priorisation - msss collabore - implantation de la stratégie d'accès - attente d'un service - usagers en attente - accès aux services de santé - prévention des dépendances spd - réadaptation en externe - indicateurs complémentaires utilisés pour le suivi de programmes - gestion utilisés par le ministère de la santé - ressource publique services - matière de santé mentale
14,centre de réadaptation en dépendance - lanaudière fiche - fédération pour l'innovation en matière de santé - conséquences liés à la consommation d'alcool - intervention précoce en dépendance - télécopieur courriel info - toxicomanie pour les problèmes de jeu - fédération pour l'innovation - règlement sur la certification des ressources communautaires - délivrance d'une attestation temporaire - réadaptation en externe et avec hébergement - critères d'évaluation - situation d'itinérance ou à risque de le devenir - risques associés - services de réadaptation - indicateurs associés - situation d'itinérance ou à risque - initiative du projet de l'étude ou du programme - services de réadaptation en externe - gestion le répertoire - innovation en matière de santé mentale - fiche de la ressource - innovation en matière - réadaptation en externe - communauté thérapeutique dernière - soutien à la désintoxication avec hébergement - soutien à la désintoxication en externe - services sociaux msss - suivi de programmes - argent jha
15,répertoire des ressources en dépendances - durée du programme - fiche de la ressource - abitibi témiscamingue - lanaudière fiche - service d'aide et de soutien à la désintoxication - humaniste dernière - réinsertion sociale - campagne sur l'alcool - ressource publique services de réadaptation - télécopieur ressource - choix éclairés dans différentes situations - réadaptation en externe - soutien à la désintoxication en externe - réinsertion sociale thérapie - fédération pour l'innovation en matière - nord du québec - partenaires pour diffuser - sherbrooke québec - attente d'un service en clsc - stratégie d'accès aux services de santé - msss collabore avec le ministère - taux d'implantation de la stratégie d'accès - ministres des provinces - suivi de programmes - soutien à la désintoxication en externe réinsertion - certificat de conformité - conseil de la fédération cdf - services de réadaptation en externe et avec hébergement - ressource publique services
16,répertoire des ressources en dépendances - efficacité des économies de coûts - dépendance le virage - ressource certifiée - hommes et femmes - conséquences liés à la consommation d'alcool de cannabis - indicateurs complémentaires utilisés pour le suivi de programmes - alcool drogues jeu - services offerts - conseil de la fédération pour l'innovation en matière - ans anglais quiz - thérapie individuelle ou de groupe - durée du programme - chaudière appalaches fiche - estrie fiche de la ressource - projet de l'étude ou du programme - nombre de personnes ayant reçu - approche s préconisée - cognitivo comportementale entretien - ministre délégué - groupes d'âge - services en dépendance - stratégie d'accès aux services de santé - jeu pathologique - ressource certifiée en dépendances - fiche de la ressource - montérégie fiche - pratique des jha - télécopieur courriel info - ministres des provinces
17,humaniste dernière - quiz vrai ou faux - indicateurs de gestion utilisés par le ministère de la santé - service de détection et d'intervention - ministre délégué à la santé et aux services - ministre délégué à la santé - services de santé - réinsertion sociale - centre de réadaptation - conséquences liés à la consommation - toxicomanie pour les problèmes - production originale - ressource publique - estrie fiche de la ressource - établissements du réseau - numéro sans frais - ressource à but lucratif thérapie - chaudière appalaches fiche - établissements du réseau de la santé et des services sociaux - centre de réadaptation dans un délai - évaluation des avantages - soins de santé mentale - situation d'itinérance ou à risque - problèmes d'alcoolisme - usagers en attente - certification des ressources communautaires ou privées - pratique des jeux - sante mentale - sherbrooke québec - service d'aide
18,fiche de la ressource - aide et soutien - délivrance d'une attestation temporaire - capitale nationale - indicateurs de gestion utilisés par le ministère de la santé - conseil de la fédération pour l'innovation en matière - services sociaux ciusss - thérapie individuelle - ressource publique services de réadaptation - service d'aide et de soutien - campagne médiatique - indicateurs complémentaires utilisés pour le suivi - centre de traitement - consommation d'alcool de cannabis ou d'autres substances - gestion en santé et services - centre de réadaptation dans un délai - cognitivo comportementale entretien - ministère de la santé et des services sociaux - fédération pour l'innovation - jeu pathologique msss répertoires - durée du programme - suivi de programmes - réadaptation en externe et avec hébergement - établissements du réseau - cession d'un certificat - capitale nationale québec - télécopieur ressource - indicateurs de gestion utilisés - centre intégré - quiz pour les jeunes
19,jeunes à faire - répertoire des indicateurs de gestion en santé - soutien à la désintoxication avec hébergement - federation pour innovation - matière de consommation - jours approche - matériel de sensibilisation - programme sur l'usage et les dépendances - intervention précoce - accès à un service en clsc - pratiques reconnues - soins de santé - saaq dernière - laurentides fiche de la ressource - innovation en matiere - organisation admissible - semaine de prévention - centres intégrés - approche s préconisée - délivrance d'une attestation - partenaires pour diffuser du matériel - québec fiche de la ressource - service de détection et d'intervention précoce - évaluation des avantages d'ensemble - réadaptation en externe - ministres des provinces et territoires - hommes et femmes - alcool drogues jeu - consommation d'alcool de cannabis - conséquences liés à la consommation
20,aide et soutien - problèmes de jeu - jours approche - thérapie individuelle ou de groupe - programme sur l'usage et les dépendances aux substances - efficacité obtenus - ministre délégué à la santé et aux services - désintoxication en externe - jeu pathologique msss - projet de l'étude ou du programme - campagne d'information et de sensibilisation - chaudière appalaches fiche - clientèle jeunes - initiative du projet - matière de consommation et de pratique - matière de consommation et de pratique des jha - télécopieur courriel info - ententes de gestion et d'imputabilité - centre de réadaptation dans un délai - pratiques reconnues - risques associés à la consommation d'alcool de cannabis - production originale - chaudière appalaches - services sociaux cisss - montérégie fiche de la ressource - certificat de conformité - toxicomanie pour les problèmes - réadaptation en dépendance - indicateurs de gestion utilisés par le ministère - provinces et territoires
21,quiz vrai ou faux - jeu pathologique msss - efficacité des économies - federation pour innovation - argent chez les jeunes - pratique des jeux de hasard - services sociaux rassemble - gestion en santé - initiative du projet de l'étude ou du programme - centre intégré - toxicomanie pour les problèmes de jeu - jeux de hasard - guide d'implantation - consommation d'alcool - jeu pathologique msss répertoires - quiz vrai - jeunes et semaine - durée du programme - quiz vrai ou faux activité - ans anglais quiz vrai - dépendances spd - capitale nationale - services sociaux pour les personnes en situation - engagement social - québec québec - services sociaux - côte nord - intervention précoce en dépendance - initiative le projet - conséquences liés
22,communauté thérapeutique - capitale nationale québec - capitale nationale - montérégie fiche de la ressource - réinsertion sociale - territoire concerné - répertoire des ressources en dépendances - thérapie individuelle - stratégie d'accès aux services - réadaptation en externe et avec hébergement - santé et services - service de détection et d'intervention - organisation gagnante - ressource publique services - problèmes de jeu pathologique - matériel de l'édition - aide et soutien à la récupération - indicateurs complémentaires utilisés - ensemble perçus - québec fiche de la ressource - msss et santé - organisation admissible - pratique des jha - délivrance d'une attestation temporaire - jeux de hasard et d'argent - federation pour innovation en matiere sante - réseau de la santé - consommation d'alcool de cannabis - réadaptation en dépendance - innovation en matière de santé
23,centres intégrés - taux d'implantation - gestion utilisés par le ministère de la santé - réadaptation en externe et avec hébergement - estrie fiche de la ressource - aide et soutien à l'entourage - règlement sur la certification des ressources communautaires - centre de réadaptation dans un délai - services de réadaptation en externe et avec hébergement - réadaptation en externe - réseau de la santé et des services - federation pour innovation en matiere - gains en efficacité - indicateurs associés aux egi - secrétariat du cdf - argent jha - matière de santé - soins de santé mentale - ressource à but lucratif thérapie - gouvernement fédéral - santé mentale et de traitement - jeux de hasard - federation pour innovation - indicateurs complémentaires utilisés - jeux de hasard et d'argent - stratégie d'accès aux services de santé - gestion en santé et services sociaux - engagement social - indicateurs de gestion en santé - problèmes d'alcoolisme et de toxicomanie pour les problèmes
24,situation d'itinérance ou à risque - centre du québec - sante mentale - communauté thérapeutique - dépendance en centre - alcool drogues jeu - abitibi témiscamingue - centre de santé - indicateurs de gestion utilisés - federation pour innovation - service d'aide et de soutien à la désintoxication - attente d'un service en clsc - répertoire des ressources en dépendances - pratique des jha - établissements du réseau de la santé - nord du québec - jours approche - services sociaux ciusss - dépendances aux substances - service en clsc - gains en efficacité obtenus - indicateurs de gestion en santé - chaudière appalaches - fédération pour l'innovation en matière de santé - campagne médiatique - msss collabore - semaine de prévention - pratique des jeux de hasard et d'argent - guide d'implantation - établissements du réseau
25,santé et services sociaux - stratégie d'accès aux services - implantation de la stratégie d'accès - fédération pour l'innovation - traitements de substitution - groupes d'âge - secrétariat du cdf - centre de réadaptation - clientèle jeunes - risques associés - certification des ressources communautaires - soins de santé mentale - réadaptation en externe - centres intégrés - thérapie individuelle - federation pour innovation en matiere sante - situation d'itinérance ou à risque de le devenir - services sociaux ententes - projet de l'étude - campagne médiatique la spd - ressource publique - alcool de cannabis - fédération pour l'innovation en matière de santé - approche s préconisée - risques associés à la consommation - services sociaux msss - centre d'hébergement - délais établis selon la priorisation - suivi de programmes - services de réadaptation
26,implantation de l'offre de service de détection - réadaptation en dépendance - règlement sur la certification des ressources communautaires - problèmes de jeu pathologique msss - services sociaux rassemble - jours approche - service de détection et d'intervention précoce en dépendance - accès à un service en clsc - abitibi témiscamingue - alcool drogues jeu - province du québec - production originale - accès à un service - problèmes de jeu - évaluation des conducteurs saaq dernière - quiz pour les jeunes - laurentides fiche de la ressource - indicateurs de gestion le répertoire - taux d'implantation de l'offre de service - gestion utilisés - centre d'hébergement - problèmes de jeu pathologique - soutien à l'entourage - indicateurs complémentaires - msss collabore - services sociaux cisss - efficacité des économies - soutien à la désintoxication en externe - jeux de hasard et d'argent - ministère de la santé
27,réinsertion sociale - ressource certifiée - répertoire des ressources en dépendances - hommes et femmes - réinsertion sociale thérapie - ressource certifiée en dépendances - thérapie individuelle ou de groupe - fiche de la ressource - thérapie individuelle - réinsertion sociale thérapie individuelle - jours approche - chaudière appalaches fiche - imputabilité egi - durée du programme - dépendances spd - service d'aide - services en dépendance - production originale - initiative du projet de l'étude - certificat de conformité - montérégie fiche de la ressource - établissements du réseau de la santé et des services sociaux - cognitivo comportementale - guide d'animation - dépendance en centre de réadaptation - gains en efficacité obtenus - délivrance d'une attestation - accès à un service en clsc dans les délais - accès aux services - accès à un service en clsc
28,guide d'implantation - télécopieur courriel info - aide et soutien - ressource certifiée en dépendances - initiative du projet - répertoire des ressources en dépendances - capitale nationale québec - jeunes à faire - thérapie individuelle - santé et services - québec fiche de la ressource - centre du québec fiche - ressource certifiée - risques associés à la consommation d'alcool - ensemble perçus - services en dépendance - québec québec - résidents de la province ou du territoire - réseau de la santé et des services - ressource à but lucratif - problèmes de jeu pathologique msss répertoires - implantation de l'offre de service de détection - hébergement en dépendance - centre de santé - indicateurs de gestion - problèmes d'alcoolisme et de toxicomanie - lanaudière fiche de la ressource - établissements du réseau - québec fiche - indicateurs complémentaires utilisés pour le suivi de programmes
29,problèmes de jeu pathologique msss - résidents de la province - pratique des jha - federation pour innovation en matiere sante - désintoxication avec hébergement - évaluation des conducteurs saaq - indicateurs de gestion en santé et services - problèmes d'alcoolisme et de toxicomanie - gains en efficacité obtenus - délivrance d'une attestation - secrétariat du cdf - prévention des dépendances - fédération pour l'innovation - toxicomanie pour les problèmes de jeu - choix éclairés - campagne médiatique la spd - efficacité des économies - indicateurs complémentaires utilisés - quiz vrai ou faux activité - jeunes les risques - québec québec - certificat de conformité - ressource certifiée - cisss et ciusss - télécopieur ressource - service d'aide et de soutien - matière de santé mentale et de traitement - sante mentale et de traitement - implantation de l'offre de service de détection - appel à projets
30,indicateurs de gestion - services sociaux - répertoire des indicateurs de gestion - indicateurs de gestion en santé et services - répertoire des indicateurs - ministère de la santé et des services sociaux - gestion en santé - santé et services - service en clsc - ministère de la santé - ministère de la santé et des services - santé et services sociaux - ententes de gestion - répertoire des indicateurs de gestion en santé - indicateurs de gestion en santé - indicateurs de gestion utilisés - services sociaux rassemble - gestion en santé et services sociaux - établissements du réseau de la santé et des services sociaux - gestion utilisés - risque de le devenir - services sociaux msss - gestion en santé et services - dépendance en centre - nombre de personnes ayant reçu - centre de réadaptation - gestion utilisés par le ministère de la santé - services en dépendance - jours ouvrables - établissements du réseau de la santé
31,santé mentale - conseil de la fédération - initiative du projet - msss collabore - conseil de la fédération cdf - fiche de la ressource - gestion en santé et services sociaux - thérapie individuelle ou de groupe - gestion utilisés - matière de santé mentale - soins de santé mentale - organisation gagnante - matériel de l'édition - indicateurs associés aux egi - ministres des provinces - jeu pathologique msss répertoires - prévention de la rechute - clsc dans les délais établis selon la priorisation - federation pour innovation - innovation en matiere sante mentale - secrétariat du cdf - réinsertion sociale - indicateurs complémentaires - ressource à but non lucratif - succès anticipé - choix éclairés dans différentes situations - conséquences liés à la consommation - initiative du projet de l'étude ou du programme - réinsertion sociale thérapie - communauté thérapeutique
32,thérapie individuelle ou de groupe - certification des ressources communautaires - chaudière appalaches fiche - chaudière appalaches - ressource certifiée - attente d'un service en clsc - pratique des jeux de hasard et d'argent - cognitivo comportementale entretien motivationnel - rencontre estivale - communauté thérapeutique - santé et services sociaux - pratique des jeux - suivi de programmes - ressource à but lucratif thérapie - stratégie d'accès aux services - soutien à la désintoxication en externe - indicateurs de gestion utilisés par le ministère de la santé - taux d'implantation - mauricie et centre du québec - aide et soutien à la désintoxication - jeu pathologique msss répertoires - innovation en matiere sante mentale - traitements de substitution - conséquences liés - télécopieur ressource publique - programme sur l'usage et les dépendances aux substances - fédération pour l'innovation en matière de santé - ministre délégué - jeunes et semaine de prévention des dépendances - ressource à but lucratif thérapie individuelle
33,semaine de prévention - semaine de prévention des dépendances - prévention des dépendances - quiz vrai ou faux activité - quiz vrai - quiz vrai ou faux - jeux de hasard - campagne médiatique - alcool de cannabis - pratique des jha - jeunes et semaine de prévention - jeunes et semaine de prévention des dépendances - risques associés - argent chez les jeunes - jeunes et semaine - ans anglais quiz - ans anglais quiz vrai - engagement social - alcool drogues jeu - alcool drogues - choix éclairés - argent jha - pratique des jeux de hasard - msss collabore - matière de consommation et de pratique des jha - facteurs de protection - dépendances spd - msss collabore avec le ministère - prévention des dépendances spd - sensibilisation visant
34,toxicomanie pour les problèmes de jeu pathologique - toxicomanie pour les problèmes - répertoire des ressources en dépendances - problèmes de jeu - régions ressources publiques - centre de réadaptation - jeu pathologique - problèmes de jeu pathologique - toxicomanie pour les problèmes de jeu - ressource certifiée - fiche de la ressource - durée du programme - attente d'un service - réinsertion sociale clientèle - service d'aide et de soutien à la désintoxication - délais établis selon la priorisation - clsc dans les délais - indicateurs de gestion en santé - risque de le devenir - dépendances aux substances - jours approche - hommes et femmes - estrie fiche - chaudière appalaches - santé mentale - dépendance le virage - santé mentale et de traitement - risques associés - services en dépendance - consommation d'alcool
35,centre de réadaptation - centre de réadaptation en dépendance - réadaptation en dépendance - problèmes de jeu - toxicomanie pour les problèmes de jeu pathologique - toxicomanie pour les problèmes de jeu - régions ressources publiques - problèmes de jeu pathologique - jeu pathologique - toxicomanie pour les problèmes - répertoire des ressources en dépendances - réadaptation en dépendance le virage - dépendance le virage - traitement des dépendances - centre de traitement - chaudière appalaches - centre de traitement des dépendances - réinsertion sociale - capitale nationale québec - abitibi témiscamingue - centre de santé - services sociaux - capitale nationale - côte nord - alcool drogues - hommes et femmes - centre intégré - lanaudière fiche de la ressource - thérapie individuelle - usagers en attente d'un service
36,jeu pathologique - services sociaux - hébergement en dépendance - alcool drogues - alcool drogues jeu - centre de santé - indicateurs de gestion - attestation temporaire - semaine de prévention des dépendances - gestion en santé et services sociaux - semaine de prévention - ministère de la santé - répertoire des indicateurs - certificat de conformité - règlement sur la certification - ans anglais quiz - attestation temporaire de conformité - quiz vrai - certification des ressources communautaires ou privées - indicateurs complémentaires - toxicomanie pour les problèmes - problèmes de jeu pathologique - quiz vrai ou faux - gestion en santé et services - ministère de la santé et des services - indicateurs de gestion en santé - ministère de la santé et des services sociaux - réseau de la santé et des services sociaux - accès aux services - indicateurs complémentaires utilisés pour le suivi de programmes
37,prévention des dépendances - quiz vrai ou faux - semaine de prévention des dépendances - semaine de prévention - alcool drogues jeu - quiz vrai ou faux activité - alcool drogues - alcool de cannabis - jeux de hasard - argent jha - engagement social - jeunes les risques - ans anglais quiz vrai - choix éclairés - argent chez les jeunes - quiz vrai - ans anglais quiz - désintoxication en externe - campagne médiatique - thérapie individuelle - jeunes et semaine de prévention des dépendances - ressource à but non lucratif - alcool les drogues - pratique des jeux - ministère de la santé et des services - centre intégré - jeunes et semaine - attestation temporaire - innovation en matiere - service en clsc dans les délais établis
38,msss et santé - problèmes de jeu pathologique msss répertoires - ministère de la santé - taux d'implantation de la stratégie d'accès aux services - indicateurs complémentaires utilisés pour le suivi de programmes - fédération pour l'innovation en matière de santé - ministres des provinces et territoires - réseau de la santé et des services sociaux - partenaires pour diffuser - service en clsc dans les délais établis - service de détection et d'intervention précoce - centre du québec - évaluation des conducteurs saaq dernière - services sociaux - chaudière appalaches - service de soutien à la désintoxication - dépendance en centre de réadaptation - service en clsc dans les délais - services sociaux ententes de gestion - réadaptation en dépendance le virage - accès à un service en clsc - secrétariat du cdf - clsc dans les délais établis - côte nord - jeunes et semaine - services sociaux pour les personnes en situation - montérégie fiche de la ressource - mauricie et centre du québec - québec fiche de la ressource - jeunes et semaine de prévention des dépendances
39,répertoire des indicateurs de gestion - répertoire des indicateurs - indicateurs de gestion - services sociaux - répertoire des indicateurs de gestion en santé - gestion en santé et services sociaux - santé et services sociaux - service en clsc - santé et services - jours ouvrables - indicateurs de gestion en santé et services - établissements du réseau de la santé - critère de consultation - indicateurs de gestion en santé - service en clsc dans les délais - usagers en attente - ministère de la santé et des services sociaux - indicateurs complémentaires utilisés pour le suivi de programmes - indicateurs associés - services en dépendance - dépendance en centre - centre de réadaptation - indicateurs complémentaires - intervention précoce - imputabilité egi - dépendance en centre de réadaptation - services sociaux rassemble - indicateurs de gestion utilisés par le ministère - centre de réadaptation dans un délai - gestion en santé
40,services de réadaptation - réadaptation en externe - ressource publique services de réadaptation - clientèle jeunes - ressource publique services - services de réadaptation en externe - répertoire des ressources en dépendances - fiche de la ressource - évaluation des conducteurs saaq - chaudière appalaches - québec centre - ressource publique - réadaptation en externe et avec hébergement - traitements de substitution - services sociaux ciusss - lanaudière fiche de la ressource - clsc dans les délais établis - aide et soutien - québec fiche de la ressource - services sociaux msss - évaluation des conducteurs - service en clsc - désintoxication avec hébergement - quiz vrai ou faux - taux d'implantation de l'offre de service de détection - services offerts - évaluation des conducteurs saaq dernière - conseil de la fédération pour l'innovation en matière - ministres des provinces - initiative du projet de l'étude
41,services sociaux - indicateurs de gestion - répertoire des indicateurs - répertoire des indicateurs de gestion - ministère de la santé et des services - ministère de la santé - ministère de la santé et des services sociaux - ententes de gestion - gestion en santé et services sociaux - gestion en santé et services - répertoire des indicateurs de gestion en santé - indicateurs de gestion en santé - santé et services sociaux - santé et services - gestion en santé - service en clsc - indicateurs de gestion en santé et services - hébergement en dépendance - réseau de la santé - réseau de la santé et des services sociaux - réseau de la santé et des services - services sociaux msss - services de santé - établissements du réseau de la santé et des services - service de détection - clsc dans les délais établis selon la priorisation - indicateurs de gestion utilisés par le ministère de la santé - établissements du réseau - indicateurs de gestion utilisés - accès aux services de santé
42,ressource certifiée en dépendances - accès à un service en clsc - jeunes et semaine de prévention - centre de traitement - durée du programme - fiche de la ressource - indicateurs de gestion - succès anticipé - semaine de prévention des dépendances - cognitivo comportementale - centre du québec fiche - thérapie individuelle - clsc dans les délais établis selon la priorisation - centre de traitement des dépendances - règlement sur la certification des ressources communautaires - indicateurs complémentaires utilisés pour le suivi - accès aux services de santé - conséquences liés à la consommation d'alcool de cannabis - cession d'un certificat de conformité - établissements du réseau de la santé et des services - évaluation des avantages - indicateurs de gestion le répertoire - indicateurs de gestion en santé et services - cognitivo comportementale entretien motivationnel - gestion utilisés - dépendance le virage - msss et santé - stratégie d'accès aux services - répertoire des ressources en dépendances - implantation de la stratégie d'accès aux services
43,campagne d'information et de sensibilisation - cognitivo comportementale entretien motivationnel - indicateurs de gestion utilisés - implantation de l'offre de service - alcool de cannabis - semaine de prévention des dépendances - ressource publique services - ressource certifiée en dépendances - indicateurs de gestion utilisés par le ministère - ressource publique - initiative du projet de l'étude ou du programme - service d'aide - risques associés à la consommation d'alcool de cannabis - matière de santé - pratiques reconnues - service de détection et d'intervention précoce en dépendance - délais établis - toxicomanie pour les problèmes de jeu pathologique - laurentides fiche - désintoxication en externe - fédération pour l'innovation en matière - efficacité des économies de coûts - succès anticipé - récupération à la suite d'une intoxication - accès à un service en clsc - hébergement en dépendance - santé mentale - stratégie d'accès aux services de santé - thérapie individuelle - ministère de la santé et des services sociaux
44,traitement des dépendances - santé mentale - innovation en matiere - federation pour innovation en matiere - matière de santé mentale - services sociaux - conseil de la fédération - choix éclairés - soutien à la désintoxication - ressource certifiée - alcool les drogues - soins de santé - dépendance en centre - sante mentale - succès anticipé - centre de santé - secrétariat du cdf - numéro sans frais - gestion le répertoire - indicateurs de gestion utilisés - matière de santé mentale et de traitement - initiative du projet - indicateurs de gestion le répertoire - guide d'implantation - efficacité des économies de coûts - résidents de la province ou du territoire - répertoire des indicateurs de gestion - matériel de sensibilisation - clsc dans les délais - indicateurs de gestion en santé et services
45,capitale nationale québec - thérapie individuelle - capitale nationale - répertoire des ressources en dépendances - ressource certifiée - jours approche - fiche de la ressource - aide et soutien - ressource certifiée en dépendances - québec fiche de la ressource - thérapie individuelle ou de groupe - québec québec - québec fiche - services de réadaptation - indicateurs de gestion le répertoire - durée du programme - accès aux services de santé - service d'aide et de soutien - clsc dans les délais - matériel de l'édition - hommes et femmes - attestation temporaire - semaine de prévention - traitements de substitution - répertoire des indicateurs de gestion - centre de réadaptation - innovation en matière de santé - ministère de la santé et des services sociaux - implantation de l'offre de service - économies de coûts
46,programme sur l'usage - répertoire des indicateurs - ressource à but non lucratif - federation pour innovation en matiere sante - régions ressources publiques - capitale nationale - montérégie fiche de la ressource - sante mentale et de traitement - formation des intervenants - hébergement en dépendance - problèmes de jeu pathologique msss - consommation d'alcool de cannabis - usagers en attente d'un service en clsc - conseil de la fédération - taux d'implantation de la stratégie - centre de santé - mauricie et centre - soins de santé - jeu pathologique msss - entretien motivationnel - initiative du projet de l'étude - indicateurs de gestion en santé et services - gestion utilisés - services de réadaptation - soutien à la désintoxication - ensemble perçus - soins de santé mentale - quiz pour les jeunes - nord du québec - matière de santé
47,critère de consultation - conseil de la fédération cdf - suivi de programmes - sante mentale - service d'aide et de soutien - consommation d'alcool de cannabis - sante mentale et de traitement - ministres des provinces et territoires - situation d'itinérance ou à risque - consommation d'alcool de cannabis et d'autres substances - implantation de la stratégie - clsc dans les délais établis - matière de santé mentale et de traitement - centre de réadaptation - âge pour découvrir - ressource à but lucratif - cognitivo comportementale dernière - programme sur l'usage et les dépendances - fédération pour l'innovation en matière de santé - service en clsc dans les délais - ressource à but non lucratif - dépendance le virage - récupération à la suite d'une intoxication - clientèle jeunes et adultes - soins de santé mentale - indicateurs de gestion - fiche de la ressource - consommation d'alcool de cannabis ou d'autres substances - thérapie individuelle ou de groupe - clsc dans les délais établis selon la priorisation
48,semaine de prévention des dépendances - semaine de prévention des dépendances spd - campagne médiatique la spd - santé mentale et de traitement - consommation d'alcool de cannabis et d'autres substances - initiative du projet - matière de consommation et de pratique des jha - évaluation des avantages - chaudière appalaches - matière de consommation et de pratique - quiz vrai ou faux - services sociaux - jeunes et semaine de prévention des dépendances - ministre délégué à la santé - innovation en matiere - évaluation de la candidature - efficacité des économies de coûts - cession d'un certificat de conformité - services sociaux cisss - gains en efficacité - semaine de prévention - problèmes de jeu pathologique msss - quiz vrai - groupes d'âge - innovation en matière de santé - indicateurs de gestion utilisés par le ministère - réinsertion sociale clientèle - partenaires pour diffuser - innovation en matière de santé mentale - jeunes les risques
49,santé mentale - traitement des dépendances - initiative du projet - conseil de la fédération - services sociaux - sante mentale - secrétariat du cdf - matière de santé mentale et de traitement - initiative le projet - santé mentale et de traitement - matière de santé mentale - matière de santé - gains en efficacité - innovation en matiere sante mentale - innovation en matière - innovation en matiere sante - rencontre estivale - federation pour innovation en matiere sante - federation pour innovation - ensemble perçus - innovation en matière de santé mentale - innovation en matiere - efficacité des économies de coûts - soins de santé - efficacité obtenus - conseil de la fédération cdf - évaluation des avantages - federation pour innovation en matiere - sante mentale et de traitement - provinces et territoires
50,services offerts - service de détection et d'intervention précoce en dépendance - matière de consommation - pratique des jeux de hasard et d'argent - production originale - intervention précoce - groupes d'âge - cession d'un certificat - toxicomanie pour les problèmes de jeu pathologique - services en dépendance - toxicomanie pour les problèmes - sante mentale - indicateurs de gestion en santé et services - économies de coûts - suivi de programmes - aide et soutien à la récupération - msss collabore - répertoire des ressources en dépendances - ministère de la santé et des services sociaux - centre du québec fiche - hébergement en dépendance - fédération cdf - centre de santé - délivrance d'une attestation temporaire - communauté thérapeutique dernière - services de réadaptation en externe et avec hébergement - risque de le devenir - soutien à la récupération - québec fiche - établissements du réseau
51,fiche de la ressource - durée du programme - indicateurs associés - services sociaux - service d'aide - ministère de l'éducation - laurentides fiche de la ressource - provinces et territoires - sherbrooke québec - réseau de la santé et des services - succès anticipé - délivrance d'une attestation temporaire - conséquences liés à la consommation - matière de consommation - efficacité des économies - gouvernement fédéral - problèmes d'alcoolisme et de toxicomanie pour les problèmes - taux d'implantation - estrie fiche de la ressource - réadaptation en dépendance le virage - service de détection - choix éclairés dans différentes situations - évaluation de la candidature - indicateurs de gestion utilisés - gestion en santé et services sociaux - jeux de hasard et d'argent chez les jeunes - cognitivo comportementale dernière - soutien à la désintoxication - approche s préconisée - pratiques reconnues
52,dépendances spd - innovation en matière - conséquences liés à la consommation d'alcool de cannabis - attestation temporaire - ressource certifiée - réadaptation en dépendance le virage - ministère de la santé et des services - ententes de gestion - provinces et territoires - avantages d'ensemble - accès aux services de santé - traitement des dépendances - économies de coûts - santé mentale - innovation en matière de santé - estrie fiche - formation des intervenants - service de détection et d'intervention précoce - risques associés à la consommation d'alcool de cannabis - problèmes d'alcoolisme et de toxicomanie - fiche de la ressource - télécopieur courriel info - appel à projets - jours approche - innovation en matiere - télécopieur ressource - ressource à but lucratif thérapie - federation pour innovation en matiere sante - facteurs de protection - laurentides fiche de la ressource
53,mauricie et centre - centre du québec - mauricie et centre du québec - jours approche - répertoire des ressources en dépendances - ressource certifiée en dépendances - fiche de la ressource - québec fiche - durée du programme - ressource certifiée - québec fiche de la ressource - hommes et femmes - capitale nationale québec - capitale nationale - thérapie individuelle - centre du québec fiche - thérapie individuelle ou de groupe - aide et soutien - réinsertion sociale - entretien motivationnel - réinsertion sociale clientèle - humaniste dernière - québec québec - prévention de la rechute - québec centre - services sociaux rassemble - âge pour découvrir - soutien à la désintoxication en externe - cognitivo comportementale - territoire concerné
54,chaudière appalaches - capitale nationale québec - prévention des dépendances - répertoire des ressources en dépendances - formation des intervenants - ministère de la santé et des services sociaux - ressource certifiée - centre intégré - federation pour innovation en matiere - toxicomanie pour les problèmes de jeu pathologique - indicateurs complémentaires - centre du québec fiche - problèmes d'alcoolisme et de toxicomanie - federation pour innovation - soutien à la désintoxication en externe - situation d'itinérance ou à risque de le devenir - gestion en santé - partenaires pour diffuser - régions ressources publiques - services sociaux ententes de gestion - centre d'hébergement - indicateurs associés - facteurs de protection - service de détection et d'intervention - fédération pour l'innovation - réseau de la santé et des services sociaux - jeu pathologique - hébergement en dépendance - soutien à la désintoxication en externe réinsertion - délais établis selon la priorisation
55,services sociaux - ministère de la santé et des services sociaux - jours approche - ministère de la santé - formation des intervenants - aide et soutien - ministère de la santé et des services - ressource certifiée en dépendances - cisss et ciusss - ressource certifiée - centres intégrés - taux d'implantation de la stratégie d'accès - services sociaux ciusss - alcool drogues jeu - désintoxication en externe réinsertion - dépendance en centre de réadaptation - abitibi témiscamingue - situation d'itinérance ou à risque de le devenir - risques associés à la consommation d'alcool - thérapie individuelle ou de groupe - quiz vrai - conséquences liés - délivrance d'une attestation temporaire - laurentides fiche de la ressource - argent chez les jeunes - groupes d'âge - soutien à la désintoxication en externe - alcool les drogues - pratique des jeux - indicateurs de gestion utilisés par le ministère
56,service d'aide et de soutien à la désintoxication - critères d'évaluation - accès aux services de santé - situation d'itinérance - télécopieur ressource - jours ouvrables - récupération à la suite d'une intoxication - accès à un service en clsc dans les délais - soins de santé mentale - désintoxication avec hébergement - taux d'implantation de la stratégie - montérégie fiche de la ressource - sensibilisation visant - appel à projets - service de soutien à la désintoxication - taux d'implantation - services sociaux - certification des ressources communautaires - dépendances aux substances - semaine de prévention des dépendances - jeunes et semaine - alcool drogues jeu - attente d'un service - soutien à la désintoxication - gestion le répertoire - problèmes de jeu pathologique msss répertoires - problèmes d'alcoolisme et de toxicomanie - ministre délégué - pratiques reconnues - gestion en santé et services sociaux
57,consommation d'alcool de cannabis et d'autres substances - délivrance d'une attestation temporaire - numéro sans frais - gouvernement fédéral - risques associés à la consommation - centre du québec fiche - indicateurs de gestion utilisés par le ministère - programme ont atteint - services sociaux msss - guide d'implantation - organisation gagnante - gestion le répertoire - services sociaux - problèmes de jeu - indicateurs complémentaires - jeunes les risques - taux d'implantation de l'offre de service de détection - réadaptation en dépendance - évaluation des conducteurs - pratique des jeux de hasard et d'argent - québec québec - organisation admissible - ensemble perçus - clientèle jeunes et adultes - projet de l'étude ou du programme - certification des ressources communautaires ou privées - évaluation des conducteurs saaq dernière - établissements du réseau - fédération cdf - matériel de l'édition
58,ressource certifiée - durée du programme - thérapie individuelle ou de groupe - aide et soutien - sante mentale - attestation temporaire de conformité - thérapie individuelle - federation pour innovation - ressource certifiée en dépendances - indicateurs de gestion en santé et services - soins de santé - lanaudière fiche de la ressource - services de réadaptation en externe - délais établis - ministres des provinces et territoires - cognitivo comportementale dernière - estrie fiche de la ressource - aide et soutien à la récupération - fiche de la ressource - québec québec - initiative du projet de l'étude - communauté thérapeutique - risques associés - stratégie d'accès aux services de santé - prévention des dépendances - ressource à but lucratif thérapie individuelle - numéro sans frais - mauricie et centre du québec - indicateurs de gestion utilisés par le ministère de la santé - accès à un service en clsc
59,argent chez les jeunes - quiz vrai - prévention des dépendances - semaine de prévention - msss collabore avec le ministère - quiz vrai ou faux activité - thérapie individuelle ou de groupe - prévention des dépendances spd - répertoire des ressources en dépendances - alcool drogues - jours approche - usagers en attente d'un service - jeux de hasard - sante mentale et de traitement - innovation en matière - pratique des jeux - matière de santé mentale - gains en efficacité - pratique des jha - saaq dernière - nombre de personnes ayant reçu - jeunes et semaine de prévention - jeunes et semaine - matériel de sensibilisation - semaine de prévention des dépendances - formation des intervenants - évaluation de la candidature - ans anglais quiz - choix éclairés - accès aux services
60,délais établis selon la priorisation - réadaptation en externe - québec fiche - centre de santé - jeu pathologique - innovation en matière de santé - réinsertion sociale - indicateurs de gestion - initiative du projet - évaluation des conducteurs saaq dernière - matière de consommation et de pratique des jha - santé et services sociaux - quiz pour les jeunes - initiative le projet - capitale nationale - centre du québec - gestion le répertoire - implantation de la stratégie d'accès aux services - délivrance d'une attestation temporaire - toxicomanie pour les problèmes de jeu - consommation d'alcool de cannabis - santé mentale - capitale nationale québec - jeunes et semaine de prévention - ressource publique - réinsertion sociale clientèle - réadaptation en dépendance - quiz vrai - québec fiche de la ressource - indicateurs complémentaires
61,services de réadaptation en externe - ressource publique services de réadaptation - dépendance le virage - service de soutien - établissements du réseau de la santé et des services sociaux - montérégie fiche de la ressource - critères d'évaluation - fiche de la ressource - ressource publique - initiative du projet de l'étude ou du programme - réadaptation en externe et avec hébergement - désintoxication en externe réinsertion sociale - répertoire des ressources en dépendances - réinsertion sociale - ministre délégué - centre de réadaptation en dépendance - répertoire des indicateurs - avantages d'ensemble - réadaptation en externe - ressource à but non lucratif - soutien à la désintoxication en externe - clientèle jeunes et adultes - désintoxication en externe réinsertion - territoire concerné - clientèle jeunes - centre de réadaptation - évaluation des conducteurs - alcool de cannabis - montérégie fiche - services de réadaptation
62,désintoxication en externe - toxicomanie pour les problèmes de jeu pathologique - jours approche - jeunes à faire des choix - campagne d'information et de sensibilisation - québec centre - conseil de la fédération cdf - taux d'implantation de la stratégie d'accès aux services - accès à un service - problèmes de jeu pathologique - jeunes les risques - santé et services - entretien motivationnel - campagne médiatique la spd - toxicomanie pour les problèmes de jeu - matériel de l'édition - ministre délégué à la santé - indicateurs de gestion en santé et services - choix éclairés - services sociaux rassemble - ressource à but lucratif thérapie individuelle - gouvernement fédéral - msss collabore - réseau de la santé - services de réadaptation - service en clsc dans les délais établis - conséquences liés à la consommation d'alcool de cannabis - matériel de sensibilisation - abitibi témiscamingue - service en clsc
63,services sociaux - sante mentale - centre de réadaptation dans un délai - fiche de la ressource - semaine de prévention des dépendances spd - campagne sur l'alcool - matière de santé mentale et de traitement - résidents de la province ou du territoire - territoire concerné - santé mentale - toxicomanie pour les problèmes - rencontre estivale - initiative du projet - répertoire des ressources en dépendances - prévention de la rechute - organisation admissible - fédération cdf - indicateurs complémentaires utilisés pour le suivi - approche s préconisée - économies de coûts - attestation temporaire - implantation de l'offre de service de détection - service de détection et d'intervention précoce en dépendance - campagne médiatique la spd - conseil de la fédération - risques associés à la consommation d'alcool - ans anglais quiz - réadaptation dans un délai - efficacité obtenus - innovation en matière
64,thérapie individuelle ou de groupe - jours approche - télécopieur ressource publique - usagers en attente d'un service - durée du programme - suivi de programmes - thérapie individuelle - dépendance en centre de réadaptation dans un délai - initiative du projet de l'étude - montérégie fiche de la ressource - prévention des dépendances spd - ressource à but lucratif thérapie individuelle - ressource certifiée - répertoire des ressources en dépendances - services offerts - aide et soutien à l'entourage - lanaudière fiche - québec québec - télécopieur courriel info - indicateurs de gestion utilisés par le ministère - réadaptation dans un délai - taux d'implantation de la stratégie d'accès - laurentides fiche de la ressource - matière de santé mentale - désintoxication en externe réinsertion - risques associés à la consommation d'alcool - fédération cdf - services sociaux - service de détection et d'intervention - toxicomanie pour les problèmes de jeu pathologique
65,soins de santé - semaine de prévention - abitibi témiscamingue - gestion en santé - hébergement en dépendance - gestion le répertoire - groupes d'âge - télécopieur courriel info - organisation gagnante - critères d'évaluation - réadaptation en dépendance le virage - jours ouvrables - répertoire des indicateurs de gestion - services sociaux ciusss - federation pour innovation - évaluation des conducteurs saaq dernière - délivrance d'une attestation - jeunes à faire - évaluation des avantages - guide d'animation - taux d'implantation - problèmes d'alcoolisme - soutien à la désintoxication avec hébergement - situation d'itinérance - service en clsc dans les délais établis - nord du québec - risques associés - toxicomanie pour les problèmes - indicateurs associés - cognitivo comportementale
66,clientèle jeunes et adultes - gestion en santé et services sociaux - indicateurs de gestion le répertoire - situation d'itinérance ou à risque - soutien à la désintoxication - risques associés à la consommation d'alcool - hommes et femmes - évaluation des conducteurs - alcool drogues jeu - dépendance le virage - centre d'hébergement - réinsertion sociale thérapie - implantation de la stratégie d'accès aux services - établissements du réseau de la santé - soutien à la désintoxication avec hébergement - msss et santé - réadaptation en externe et avec hébergement - santé et services - usagers en attente - télécopieur ressource publique - délais établis - jeunes à faire - guide d'animation - services sociaux cisss - évaluation des avantages - efficacité des économies - matériel de l'édition - formation des intervenants - aide et soutien - communauté thérapeutique
67,jeu pathologique - ressource à but lucratif thérapie individuelle - réadaptation en externe - établissements du réseau de la santé et des services sociaux - alcool les drogues - critère de consultation - nombre de personnes ayant reçu - engagement social - pratique des jha - aide et soutien à l'entourage - organisation gagnante - santé et services sociaux - cognitivo comportementale - prévention de la rechute - campagne médiatique - ministre délégué à la santé - gestion le répertoire - stratégie d'accès - saaq dernière - alcool drogues - suivi de programmes - services de réadaptation en externe et avec hébergement - services sociaux ententes de gestion - résidents de la province - cognitivo comportementale dernière - estrie fiche - partenaires pour diffuser du matériel - gains en efficacité - soins de santé - réadaptation dans un délai
68,thérapie individuelle - cognitivo comportementale dernière - fédération pour l'innovation - innovation en matière - ententes de gestion et d'imputabilité - jeu pathologique - ressource certifiée - durée du programme - aide et soutien - montérégie fiche - facteurs de protection - thérapie individuelle ou de groupe - dépendance en centre - projet l'étude - lanaudière fiche de la ressource - hommes et femmes - efficacité des économies - chaudière appalaches - usagers en attente d'un service en clsc - organisation admissible - résidents de la province ou du territoire - risques associés à la consommation - situation d'itinérance ou à risque de le devenir - fédération cdf - clientèle jeunes - jeux de hasard et d'argent - québec centre - implantation de la stratégie d'accès aux services - province du québec - service de soutien à la désintoxication
69,cognitivo comportementale entretien - sensibilisation visant - jeunes à faire - production originale - centre de réadaptation dans un délai - projet de l'étude ou du programme - dépendances aux substances - succès anticipé - thérapie individuelle ou de groupe - ministère de la santé et des services - guide d'animation - dépendance le virage - certification des ressources communautaires - télécopieur ressource - services sociaux - conséquences liés à la consommation d'alcool de cannabis - ministre délégué à la santé et aux services - appel à projets - soins de santé - risques associés - matière de consommation et de pratique des jha - projet l'étude - centre de réadaptation en dépendance - ministère de la santé et des services sociaux - jeu pathologique msss répertoires - programme sur l'usage et les dépendances - établissements du réseau - avantages d'ensemble perçus - réinsertion sociale thérapie individuelle - alcool de cannabis
70,semaine de prévention des dépendances - ensemble perçus - intervention précoce en dépendance - semaine de prévention - problèmes d'alcoolisme et de toxicomanie - initiative du projet de l'étude ou du programme - quiz vrai ou faux activité - quiz vrai ou faux - jeux de hasard - dépendances aux substances - projet l'étude - pratique des jeux de hasard - réadaptation en externe - risques associés à la consommation - matériel de sensibilisation - ressource à but lucratif thérapie - production originale - dépendance en centre de réadaptation dans un délai - indicateurs de gestion utilisés par le ministère - certification des ressources communautaires - alcool de cannabis - imputabilité egi - argent jha - pratique des jha - consommation d'alcool - jeunes les risques - certification des ressources communautaires ou privées - ressource à but lucratif - délais établis selon la priorisation - désintoxication en externe
71,répertoire des ressources en dépendances - initiative du projet - matière de consommation et de pratique - gains en efficacité - consommation d'alcool de cannabis ou d'autres substances - accès à un service en clsc - projet de l'étude ou du programme - évaluation des conducteurs saaq - fiche de la ressource - hommes et femmes - ressource certifiée - thérapie individuelle ou de groupe - argent jha - thérapie individuelle - situation d'itinérance ou à risque - taux d'implantation de la stratégie d'accès - stratégie d'accès aux services de santé - services sociaux pour les personnes en situation - pratique des jeux de hasard - initiative le projet - centre de santé - accès aux services de santé - initiative du projet de l'étude - semaine de prévention - services de santé - conseil de la fédération cdf - désintoxication en externe réinsertion - ans anglais quiz - jeu pathologique - federation pour innovation
72,abitibi témiscamingue - répertoire des ressources en dépendances - centre intégré - cognitivo comportementale - ressource certifiée - thérapie individuelle ou de groupe - durée du programme - jours approche - services sociaux - fiche de la ressource - thérapie individuelle - ressource certifiée en dépendances - jeu pathologique - cognitivo comportementale dernière - hommes et femmes - toxicomanie pour les problèmes - cession d'un certificat - santé mentale - fédération pour l'innovation - toxicomanie pour les problèmes de jeu - toxicomanie pour les problèmes de jeu pathologique - alcool drogues jeu - consommation d'alcool de cannabis ou d'autres substances - réinsertion sociale thérapie individuelle - problèmes de jeu pathologique - santé et services - consommation d'alcool de cannabis et d'autres substances - ans anglais quiz - accès à un service en clsc - alcool drogues
73,centre de traitement - prévention des dépendances spd - québec fiche de la ressource - régions ressources publiques - certification des ressources communautaires - jeux de hasard et d'argent chez les jeunes - réseau de la santé et des services - conséquences liés à la consommation - répertoire des indicateurs - critère de consultation - désintoxication en externe - matière de consommation - traitements de substitution - indicateurs de gestion le répertoire - consommation d'alcool de cannabis ou d'autres substances - saaq dernière - télécopieur ressource publique - quiz pour les jeunes - campagne d'information et de sensibilisation - intervention précoce en dépendance - réadaptation en externe et avec hébergement - service en clsc - initiative du projet de l'étude ou du programme - consommation d'alcool de cannabis - conséquences liés à la consommation d'alcool - évaluation des avantages d'ensemble - jeux de hasard - stratégie d'accès aux services - réadaptation en dépendance le virage - ressource publique services de réadaptation
74,ressource à but lucratif - usagers en attente - ressource publique services de réadaptation - montérégie fiche de la ressource - toxicomanie pour les problèmes de jeu - dépendance en centre - matière de santé mentale - problèmes de jeu - ententes de gestion et d'imputabilité - centre de réadaptation - ressource à but lucratif thérapie - aide et soutien à l'entourage - cognitivo comportementale dernière - clsc dans les délais établis - chaudière appalaches fiche - initiative le projet - problèmes de jeu pathologique - indicateurs complémentaires utilisés pour le suivi - règlement sur la certification des ressources communautaires - centre de réadaptation dans un délai - toxicomanie pour les problèmes de jeu pathologique - attente d'un service en clsc - répertoire des ressources en dépendances - indicateurs de gestion utilisés par le ministère de la santé - ensemble perçus - gouvernement fédéral - prévention de la rechute - aide et soutien à la récupération - résidents de la province ou du territoire - réadaptation en dépendance
75,désintoxication en externe réinsertion sociale - pratique des jeux - problèmes d'alcoolisme - sherbrooke québec - jeux de hasard - services offerts - ressource à but non lucratif - production originale - ressource publique - soins de santé - problèmes d'alcoolisme et de toxicomanie pour les problèmes - risques associés à la consommation d'alcool - usagers en attente d'un service en clsc - risques associés à la consommation - attente d'un service - répertoire des ressources en dépendances - clientèle jeunes - montérégie fiche de la ressource - programme sur l'usage et les dépendances - humaniste dernière - chaudière appalaches fiche - chaudière appalaches - centre de réadaptation - ressource certifiée - ans anglais quiz vrai - cognitivo comportementale dernière - conseil de la fédération pour l'innovation en matière - aide et soutien à la désintoxication - sensibilisation visant - suivi de programmes
76,matière de santé mentale et de traitement - projet de l'étude - nombre de personnes ayant reçu - jeux de hasard - federation pour innovation en matiere - taux d'implantation de la stratégie d'accès aux services - efficacité obtenus - projet l'étude - ressource à but lucratif - consommation d'alcool de cannabis et d'autres substances - jeunes les risques - indicateurs de gestion le répertoire - choix éclairés dans différentes situations - économies de coûts - cession d'un certificat - groupes d'âge - production originale - argent jha - gouvernement fédéral - sensibilisation visant - santé et services sociaux - services en dépendance - province du québec - chaudière appalaches - jours ouvrables - jeu pathologique - innovation en matiere sante - stratégie d'accès aux services - indicateurs complémentaires utilisés pour le suivi de programmes - rencontre estivale
77,taux d'implantation de la stratégie - services en dépendance - dépendances spd - taux d'implantation - conseil de la fédération pour l'innovation - régions ressources publiques - pratique des jeux - services sociaux - centre de traitement - msss et santé - alcool de cannabis - campagne médiatique la spd - toxicomanie pour les problèmes de jeu pathologique - établissements du réseau de la santé et des services sociaux - réseau de la santé et des services sociaux - campagne sur l'alcool - formation des intervenants - ressource à but lucratif - guide d'animation - service d'aide et de soutien à la désintoxication - jeunes les risques - services sociaux msss - numéro sans frais - cognitivo comportementale entretien - ressource publique services - avantages d'ensemble perçus - federation pour innovation en matiere sante - santé et services sociaux - semaine de prévention des dépendances spd - service d'aide et de soutien
78,règlement sur la certification - matière de consommation - service de détection et d'intervention précoce en dépendance - taux d'implantation de la stratégie - dépendance le virage - clsc dans les délais - aide et soutien à la désintoxication - service en clsc dans les délais - nombre de personnes ayant reçu - certification des ressources communautaires - campagne d'information et de sensibilisation - dépendance en centre - innovation en matiere sante - indicateurs de gestion - problèmes d'alcoolisme - cession d'un certificat de conformité - consommation d'alcool - sherbrooke québec - évaluation des conducteurs saaq - dépendance en centre de réadaptation dans un délai - conséquences liés à la consommation - réadaptation en externe - conseil de la fédération cdf - gestion en santé et services - désintoxication en externe réinsertion - programme ont atteint - établissements du réseau de la santé - pratique des jeux de hasard et d'argent - dépendance en centre de réadaptation - cisss et ciusss
79,ensemble perçus - attestation temporaire de conformité - centre du québec - service en clsc dans les délais - thérapie individuelle ou de groupe - initiative du projet de l'étude ou du programme - matière de santé mentale - côte nord - provinces et territoires - gains en efficacité - aide et soutien à la désintoxication - ressource publique - ministres des provinces - quiz pour les jeunes - centre de réadaptation - problèmes d'alcoolisme et de toxicomanie - implantation de la stratégie d'accès - engagement social - campagne médiatique - sante mentale et de traitement - pratiques reconnues - répertoire des indicateurs - ressource publique services - certificat de conformité - accès aux services - soutien à la récupération à la suite d'une intoxication - centre de réadaptation dans un délai - sherbrooke québec - cession d'un certificat - province du québec
80,matière de consommation et de pratique - indicateurs de gestion le répertoire - traitements de substitution - communauté thérapeutique dernière - efficacité des économies de coûts - établissements du réseau - situation d'itinérance ou à risque - situation d'itinérance ou à risque de le devenir - estrie fiche de la ressource - service de détection et d'intervention précoce en dépendance - services sociaux rassemble - télécopieur ressource publique - cognitivo comportementale dernière - jeu pathologique msss répertoires - sensibilisation visant - semaine de prévention des dépendances spd - ministre délégué - réinsertion sociale thérapie - ministres des provinces - taux d'implantation de l'offre de service de détection - attestation temporaire - gouvernement fédéral - cisss et ciusss - délivrance d'une attestation - implantation de la stratégie - projet de l'étude ou du programme - saaq dernière - évaluation des conducteurs - réseau de la santé et des services - risque de le devenir
81,problèmes de jeu pathologique - toxicomanie pour les problèmes de jeu pathologique - communauté thérapeutique - réadaptation en dépendance - jeunes et semaine - jeu pathologique - centre de réadaptation - résidents de la province ou du territoire - centre de santé - projet l'étude - centre de réadaptation en dépendance - santé mentale et de traitement - gestion utilisés par le ministère - problèmes de jeu - ministère de la santé et des services sociaux - clsc dans les délais établis selon la priorisation - implantation de la stratégie - lanaudière fiche de la ressource - hébergement en dépendance - appel à projets - ressource à but lucratif thérapie individuelle - ministère de la santé - jeu pathologique msss - problèmes d'alcoolisme - soutien à la désintoxication avec hébergement - argent jha - indicateurs associés aux egi - problèmes d'alcoolisme et de toxicomanie pour les problèmes - réinsertion sociale clientèle - accès à un service
82,matière de santé mentale et de traitement - argent jha - résidents de la province ou du territoire - situation d'itinérance ou à risque - thérapie individuelle ou de groupe - services de réadaptation en externe et avec hébergement - centre de réadaptation en dépendance - succès anticipé - usagers en attente d'un service - mauricie et centre du québec - gains en efficacité obtenus - matière de consommation - fédération pour l'innovation en matière - chaudière appalaches - certificat de conformité - initiative du projet - partenaires pour diffuser - taux d'implantation de la stratégie d'accès - cession d'un certificat - indicateurs associés - jeu pathologique - alcool de cannabis - services sociaux ententes - choix éclairés dans différentes situations - service d'aide - jeux de hasard - services sociaux rassemble - projet de l'étude - sensibilisation visant - sante mentale et de traitement
83,délais établis - hébergement en dépendance - situation d'itinérance - jeux de hasard et d'argent - taux d'implantation - centre de traitement - efficacité obtenus - problèmes d'alcoolisme - programme ont atteint - jeu pathologique msss - chaudière appalaches - désintoxication en externe - campagne d'information et de sensibilisation - matière de santé mentale - traitement des dépendances - laurentides fiche de la ressource - prévention des dépendances spd - délivrance d'une attestation temporaire - problèmes de jeu pathologique msss répertoires - initiative du projet - ressource à but lucratif thérapie individuelle - imputabilité egi - réadaptation en externe - service d'aide et de soutien - federation pour innovation en matiere - jeunes et semaine - réadaptation en dépendance le virage - jeux de hasard et d'argent chez les jeunes - réinsertion sociale thérapie individuelle - réinsertion sociale clientèle
84,quiz pour les jeunes - semaine de prévention - semaine de prévention des dépendances - prévention des dépendances - alcool de cannabis - campagne médiatique - jeux de hasard - pratique des jha - partenaires pour diffuser - jeunes et semaine - choix éclairés - jeunes et semaine de prévention des dépendances - prévention des dépendances spd - jeunes les risques - âge pour découvrir - matière de consommation et de pratique des jha - semaine de prévention des dépendances spd - conséquences liés - jeunes et semaine de prévention - alcool drogues jeu - matière de consommation et de pratique - risques associés - sensibilisation visant - facteurs de protection - choix éclairés dans différentes situations - argent chez les jeunes - dépendances spd - campagne médiatique la spd - pratique des jeux - partenaires pour diffuser du matériel
85,groupes d'âge pour découvrir - gains en efficacité - soutien à la désintoxication en externe - réinsertion sociale clientèle - situation d'itinérance ou à risque - thérapie individuelle - évaluation de la candidature - jeunes à faire des choix - toxicomanie pour les problèmes de jeu - clientèle jeunes et adultes - attestation temporaire de conformité - centre de traitement des dépendances - dépendance en centre de réadaptation dans un délai - centre de santé - services de réadaptation en externe - service en clsc dans les délais établis - choix éclairés dans différentes situations - communauté thérapeutique - critère de consultation - matière de santé - centre du québec fiche - lanaudière fiche de la ressource - santé mentale et de traitement - problèmes de jeu pathologique msss - jeu pathologique msss - estrie fiche - centre d'hébergement - provinces et territoires - alcool drogues - soutien à la récupération
86,services de réadaptation en externe et avec hébergement - cognitivo comportementale dernière - clientèle jeunes et adultes - fiche de la ressource - ressource à but lucratif - réadaptation en dépendance le virage - évaluation des conducteurs saaq dernière - évaluation des conducteurs saaq - soins de santé mentale - gouvernement fédéral - risques associés à la consommation - centre de réadaptation dans un délai - services de réadaptation en externe - centre de réadaptation en dépendance - stratégie d'accès aux services de santé - montérégie fiche de la ressource - communauté thérapeutique dernière - services de réadaptation - réadaptation en externe et avec hébergement - sherbrooke québec - aide et soutien - cognitivo comportementale entretien - centre de réadaptation - désintoxication avec hébergement - ressource publique services de réadaptation - montérégie fiche - innovation en matière - réadaptation en externe - province du québec - indicateurs de gestion utilisés par le ministère de la santé
87,ressource publique - répertoire des ressources en dépendances - services de réadaptation - réadaptation en externe - services de réadaptation en externe - fiche de la ressource - ressource publique services - ressource publique services de réadaptation - réinsertion sociale - clientèle jeunes - aide et soutien - clientèle jeunes et adultes - nord du québec - évaluation des conducteurs - traitements de substitution - évaluation des conducteurs saaq - réadaptation en externe et avec hébergement - services de réadaptation en externe et avec hébergement - centre de réadaptation - évaluation des conducteurs saaq dernière - saaq dernière - québec fiche de la ressource - québec fiche - désintoxication avec hébergement - québec centre - centre de santé - centre de réadaptation en dépendance - réadaptation en dépendance - service de soutien - services offerts
88,montérégie fiche - services sociaux - désintoxication avec hébergement - conseil de la fédération - entretien motivationnel - services en dépendance - pratique des jeux de hasard et d'argent - ans anglais quiz vrai - gestion en santé et services - côte nord - federation pour innovation en matiere - efficacité des économies - matière de santé mentale et de traitement - federation pour innovation - situation d'itinérance ou à risque - indicateurs de gestion en santé - mauricie et centre - quiz vrai - toxicomanie pour les problèmes de jeu pathologique - évaluation des conducteurs saaq - secrétariat du cdf - initiative du projet - services sociaux cisss - gestion utilisés - clientèle jeunes - ententes de gestion et d'imputabilité - âge pour découvrir - désintoxication en externe réinsertion sociale - montérégie fiche de la ressource - fédération cdf
89,thérapie individuelle ou de groupe - ressource certifiée en dépendances - aide et soutien - cession d'un certificat - fiche de la ressource - msss collabore - télécopieur ressource - cognitivo comportementale dernière - hommes et femmes - matériel de l'édition - service de détection et d'intervention précoce - québec fiche de la ressource - santé mentale - durée du programme - ressource à but lucratif thérapie individuelle - cognitivo comportementale - service de détection et d'intervention précoce en dépendance - répertoire des ressources en dépendances - ressource publique services - établissements du réseau de la santé et des services sociaux - province du québec - usagers en attente d'un service - pratique des jeux de hasard - québec centre - dépendance en centre de réadaptation dans un délai - québec fiche - réseau de la santé et des services sociaux - certificat de conformité - thérapie individuelle - attestation temporaire de conformité
90,traitements de substitution - télécopieur ressource publique - humaniste dernière - évaluation de la candidature - service de soutien - pratique des jeux - services de réadaptation en externe - sante mentale - accès à un service - santé et services sociaux - centre de traitement - matière de santé mentale - résidents de la province ou du territoire - estrie fiche de la ressource - service d'aide et de soutien - ministre délégué à la santé - numéro sans frais - services de réadaptation - taux d'implantation - conseil de la fédération pour l'innovation en matière - aide et soutien - québec québec - désintoxication en externe réinsertion sociale - entretien motivationnel - centre de réadaptation en dépendance - groupes d'âge pour découvrir - saaq dernière - conséquences liés à la consommation d'alcool - soutien à la récupération à la suite d'une intoxication - communauté thérapeutique dernière
91,programme sur l'usage et les dépendances - conseil de la fédération cdf - ministres des provinces - ministère de la santé et des services - désintoxication en externe réinsertion sociale - conseil de la fédération pour l'innovation en matière - problèmes de jeu - services de santé - campagne sur l'alcool - soutien à la désintoxication - sante mentale et de traitement - alcool de cannabis - partenaires pour diffuser - prévention des dépendances - services sociaux ciusss - service de détection et d'intervention précoce - toxicomanie pour les problèmes de jeu - service d'aide - quiz vrai - santé et services sociaux - ententes de gestion et d'imputabilité - programme sur l'usage et les dépendances aux substances - centre de santé - saaq dernière - évaluation des avantages - indicateurs de gestion en santé - indicateurs associés - avantages d'ensemble perçus - ministres des provinces et territoires - montérégie fiche
92,campagne médiatique la spd - réinsertion sociale - sherbrooke québec - chaudière appalaches - programme sur l'usage et les dépendances - matériel de l'édition - clientèle jeunes et adultes - taux d'implantation de la stratégie d'accès aux services - implantation de l'offre de service de détection - cognitivo comportementale dernière - innovation en matiere sante - capitale nationale québec - soutien à la récupération à la suite d'une intoxication - soutien à la récupération - dépendance le virage - ressource certifiée - ministres des provinces - fiche de la ressource - matériel de sensibilisation - imputabilité egi - situation d'itinérance ou à risque de le devenir - ressource publique services de réadaptation - production originale - estrie fiche de la ressource - ministère de la santé - service de détection - cession d'un certificat de conformité - ans anglais quiz - gestion en santé et services sociaux - cognitivo comportementale
93,récupération à la suite d'une intoxication - aide et soutien à la désintoxication - ensemble perçus - province du québec - dépendances spd - répertoire des ressources en dépendances - réseau de la santé - côte nord - pratiques reconnues - argent chez les jeunes - campagne médiatique la spd - fédération pour l'innovation en matière de santé - conséquences liés à la consommation d'alcool de cannabis - aide et soutien à la récupération - âge pour découvrir - délais établis selon la priorisation - initiative du projet de l'étude - avantages d'ensemble - ressource à but lucratif thérapie individuelle - ressource à but non lucratif - problèmes de jeu pathologique - service d'aide et de soutien - implantation de l'offre de service - matière de consommation - gains en efficacité obtenus - gestion utilisés par le ministère - jeu pathologique - rencontre estivale - usagers en attente d'un service - innovation en matiere sante mentale
94,prévention des dépendances - lanaudière fiche - sante mentale - centre d'hébergement - jours approche - risque de le devenir - campagne médiatique la spd - projet de l'étude ou du programme - services sociaux msss - estrie fiche de la ressource - santé mentale et de traitement - toxicomanie pour les problèmes - matière de consommation et de pratique des jha - gestion le répertoire - soutien à la désintoxication en externe - certification des ressources communautaires - centre de réadaptation dans un délai - communauté thérapeutique dernière - ententes de gestion - stratégie d'accès aux services - clsc dans les délais établis - innovation en matiere - indicateurs de gestion en santé - ressource à but lucratif thérapie - jours ouvrables - usagers en attente d'un service - campagne médiatique - toxicomanie pour les problèmes de jeu pathologique - efficacité des économies de coûts - désintoxication en externe
95,situation d'itinérance - engagement social - service de soutien à la désintoxication - indicateurs de gestion utilisés par le ministère de la santé - résidents de la province ou du territoire - aide et soutien - soins de santé - critère de consultation - suivi de programmes - conséquences liés à la consommation - réadaptation dans un délai - centre de traitement - accès à un service en clsc - services de santé - jeunes et semaine de prévention - alcool drogues jeu - réseau de la santé et des services - jeux de hasard et d'argent chez les jeunes - jeu pathologique msss répertoires - problèmes d'alcoolisme et de toxicomanie pour les problèmes - réadaptation en externe - organisation admissible - certification des ressources communautaires - thérapie individuelle - aide et soutien à la récupération - répertoire des ressources en dépendances - consommation d'alcool de cannabis et d'autres substances - pratique des jeux de hasard - ressource publique - ressource certifiée
96,côte nord - jeunes à faire - ressource à but lucratif thérapie individuelle - règlement sur la certification des ressources communautaires - indicateurs complémentaires - ententes de gestion et d'imputabilité - clientèle jeunes et adultes - santé mentale et de traitement - problèmes d'alcoolisme et de toxicomanie pour les problèmes - centre du québec - jeunes et semaine - dépendances spd - réseau de la santé - réseau de la santé et des services - indicateurs de gestion en santé - services de réadaptation - gestion en santé et services - mauricie et centre - accès aux services - jeu pathologique - ressource certifiée en dépendances - ans anglais quiz - conseil de la fédération pour l'innovation - service d'aide - risque de le devenir - matière de santé mentale et de traitement - campagne médiatique - estrie fiche - campagne d'information et de sensibilisation - service en clsc
97,centre du québec - mauricie et centre du québec - toxicomanie pour les problèmes de jeu - projet de l'étude ou du programme - nord du québec - jeunes et semaine - pratique des jeux de hasard et d'argent - conseil de la fédération pour l'innovation en matière - clientèle jeunes et adultes - choix éclairés - sante mentale - réadaptation en dépendance le virage - gestion utilisés par le ministère de la santé - centre intégré - attestation temporaire - toxicomanie pour les problèmes de jeu pathologique - critère de consultation - mauricie et centre - suivi de programmes - centre de réadaptation en dépendance - montérégie fiche de la ressource - résidents de la province - accès à un service en clsc - consommation d'alcool de cannabis et d'autres substances - problèmes de jeu pathologique - évaluation de la candidature - services de réadaptation en externe et avec hébergement - évaluation des avantages d'ensemble - ministres des provinces - ensemble perçus
98,services sociaux - ministère de la santé et des services - ministère de la santé et des services sociaux - indicateurs de gestion - ministère de la santé - répertoire des indicateurs - indicateurs de gestion en santé et services - gestion en santé - établissements du réseau de la santé - ententes de gestion - jours ouvrables - centre de réadaptation - indicateurs de gestion en santé - santé et services sociaux - gestion en santé et services sociaux - nombre de personnes ayant reçu - dépendance en centre - indicateurs complémentaires utilisés pour le suivi - dépendance en centre de réadaptation - répertoire des indicateurs de gestion - réseau de la santé et des services - gestion en santé et services - clsc dans les délais établis selon la priorisation - santé et services - formation des intervenants - intervention précoce en dépendance - délais établis selon la priorisation - indicateurs complémentaires - réseau de la santé et des services sociaux - service en clsc
99,innovation en matiere - fédération cdf - aide et soutien - services de réadaptation - attente d'un service - ressource publique services de réadaptation - services sociaux msss - intervention précoce en dépendance - soins de santé mentale - accès à un service en clsc - jours approche - réadaptation en externe et avec hébergement - services de réadaptation en externe et avec hébergement - fiche de la ressource - chaudière appalaches - centre de réadaptation en dépendance - ensemble perçus - initiative du projet - laurentides fiche - ressource certifiée en dépendances - services de réadaptation en externe - traitements de substitution - certification des ressources communautaires ou privées - services sociaux - centre du québec fiche - ressource certifiée - pratiques reconnues - accès à un service - ressource publique - réinsertion sociale thérapie individuelle
