Cluster Name,Keyword
cci,accès
cci,accès coordonné
cci,acteurs
cci,actions
cci,alcool
cci,approche
cci,assurance maladie
cci,autochtones
cci,besoins
cci,bénévoles
cci,cadre
cci,cadre du programme
cci,canada québec
cci,canada québec visant
cci,carte
cci,cas échéant
cci,cci
cci,centre hospitalier
cci,centre sud
cci,centres
cci,centres intégrés
cci,centres intégrés de santé
cci,centres intégrés de santé et de services
cci,centres intégrés de santé et de services sociaux
cci,centres intégrés de santé et de services sociaux cisss
cci,cisss
cci,cisss ciusss
cci,ciusss
cci,clientèle
cci,clientèles
cci,collaboration
cci,comité
cci,communautés
cci,congé
cci,connaissances
cci,considérant
cci,consommation
cci,consultation
cci,coordination
cci,covid
cci,cremis
cci,demande
cci,devenir
cci,difficulté
cci,diversité
cci,données
cci,drogues
cci,démarche
cci,démarches
cci,dénombrement
cci,dénombrement des personnes en situation
cci,dénombrement ponctuel
cci,dépendance
cci,désintoxication
cci,enjeux
cci,entente
cci,entente canada
cci,entente canada québec
cci,entente canada québec visant
cci,ententes
cci,externe
cci,famille
cci,famille et des proches
cci,financement
cci,formation
cci,gestion
cci,gestion du sevrage
cci,gouvernements
cci,hospitalisation
cci,hébergement
cci,indicateurs
cci,indicateurs complémentaires
cci,indicateurs complémentaires provenant
cci,indicateurs complémentaires provenant de sources
cci,infirmière
cci,infirmières
cci,informations
cci,inscription
cci,interne
cci,intervenants
cci,intoxication
cci,itinérance au québec
cci,itinérance au québec tout le monde
cci,itinérance ensemble pour éviter
cci,itinérance ensemble pour éviter la rue et en sortir
cci,jeunes
cci,jours
cci,liaison spécialisée
cci,lutte
cci,maladie
cci,matière
cci,mentaux
cci,milieu
cci,milieux
cci,ministère
cci,ministère de la santé
cci,ministère de la santé et des services
cci,ministère de la santé et des services sociaux
cci,ministère de la santé et des services sociaux msss
cci,monde
cci,msss
cci,médecin
cci,niveau
cci,opioïdes
cci,organisation des services
cci,partenaires
cci,personnel
cci,phénomène
cci,place de la famille
cci,place de la famille et des proches
cci,planification
cci,politique
cci,politique nationale
cci,politique nationale de lutte
cci,portrait
cci,priorités
cci,prise
cci,problèmes
cci,problèmes de santé
cci,problématique
cci,problématique de santé
cci,problématiques
cci,processus
cci,proches
cci,prévention
cci,québec tout le monde
cci,repérage
cci,responsabilité
cci,risque de le devenir
cci,risques
cci,rsss
cci,réalisation
cci,réalités
cci,réponse du secteur
cci,santé
cci,santé et de services
cci,santé et de services sociaux
cci,santé et de services sociaux cisss
cci,santé et de services sociaux ciusss
cci,santé et des services
cci,santé et des services sociaux
cci,santé et des services sociaux msss
cci,santé mentale
cci,santé physique
cci,secteur
cci,service
cci,services
cci,services de gestion
cci,services de gestion du sevrage
cci,services sociaux
cci,services sociaux cisss
cci,services sociaux ciusss
cci,services sociaux msss
cci,sevrage
cci,situations
cci,soins
cci,soutien
cci,spa
cci,spécificités
cci,stratégie
cci,substances
cci,substances psychoactives
cci,suivi
cci,supervision médicale
cci,sécurité
cci,territoire
cci,traitement
cci,trajectoire
cci,transfert
cci,travaux
cci,troubles
cci,urgence
cci,urgences
cci,usagers
cci,utilisation
cci,utilisation de substances
cci,utilisation de substances psychoactives
cci,utilisation des services
cci,échelle
cci,équipes
cci,établissement
cci,évaluation
cci,île
centre,centre
centre,itinérance ensemble
centre,orientations
centre,réadaptation
centre,régions
crd,action
crd,assurance
crd,cas
crd,compréhension
crd,crd
crd,domicile
crd,dépendances
crd,ensemble
crd,moment
crd,organisation
crd,passage
crd,place
crd,plan
crd,programme
crd,présence
crd,référence
crd,réponse
crd,rôles
crd,situation
crd,supervision
crd,trouble
crd,trouble lié
vcs,identité
vcs,mandat
vcs,mesures
vcs,vcs
vcs,volet
vcs,volets
zzz_no_cluster,canada
zzz_no_cluster,compréhension globale
zzz_no_cluster,exemple
zzz_no_cluster,implantation
zzz_no_cluster,inscription informations
zzz_no_cluster,iris
zzz_no_cluster,itinérance visible
zzz_no_cluster,liaison
zzz_no_cluster,lien
zzz_no_cluster,naloxone
zzz_no_cluster,nombre
zzz_no_cluster,risque
zzz_no_cluster,sources
zzz_no_cluster,temps
zzz_no_cluster,troubles mentaux
zzz_no_cluster,usager
